policy,condition,seed,cell,episode,n_frames,duration_s,max_dev_deg,departed,latency_s,deg_per_step,peak_deg_step,exec_s,success,failure_mode,regrasp,instance
clean,clean,1000,different_object,1,604,20.100000381469727,114.84,True,7.3,0.7313,5.29,12.8,1,success,,-
clean,clean,1000,different_object,2,1112,37.03333282470703,110.67,True,23.73,0.7514,8.145,13.3,1,success,,-
clean,clean,1000,different_object,3,701,23.33333396911621,117.83,True,10.93,0.7474,5.864,12.4,1,success,,-
clean,clean,1000,different_object,4,648,21.566667556762695,113.62,True,7.27,0.7578,7.236,14.3,1,success,,-
clean,clean,1000,different_object,5,667,22.200000762939453,119.47,True,10.43,0.7661,6.729,11.77,1,success,,-
clean,clean,1000,different_object,6,563,18.733333587646484,115.29,True,5.13,0.7508,5.661,13.6,1,success,,-
clean,clean,1000,different_object,7,759,25.266666412353516,116.86,True,11.63,0.805,13.352,13.63,1,success,,-
clean,clean,1000,different_object,8,601,20.0,115.69,True,6.2,0.7606,6.145,13.8,1,success,,-
clean,clean,1000,different_object,9,435,14.466666221618652,116.97,True,2.3,0.7735,7.089,12.17,1,success,,-
clean,clean,1000,different_object,10,1151,38.33333206176758,116.88,True,24.73,0.7493,19.202,13.6,1,success,,-
clean,clean,1000,different_object,11,501,16.66666603088379,118.36,True,2.53,0.7198,6.322,14.13,1,success,,-
clean,clean,1000,different_object,12,684,22.766666412353516,118.34,True,9.07,0.7568,6.798,13.7,1,success,,-
clean,clean,1000,different_object,13,451,15.0,117.0,True,2.03,0.7645,6.867,12.97,1,success,,-
clean,clean,1000,different_object,14,471,15.666666984558105,117.37,True,2.1,0.7521,5.72,13.57,1,success,,-
clean,clean,1000,different_object,15,754,25.100000381469727,113.2,True,10.47,0.8016,7.113,14.63,1,success,,-
clean,clean,1000,distractors,1,451,15.0,118.38,True,1.97,0.7837,6.909,13.03,1,success,,-
clean,clean,1000,distractors,2,441,14.666666984558105,117.08,True,1.73,0.8182,6.777,12.93,1,success,,-
clean,clean,1000,distractors,3,603,20.066667556762695,119.61,True,8.47,0.7988,5.83,11.6,1,success,,-
clean,clean,1000,distractors,4,451,15.0,120.66,True,1.5,0.7514,8.695,13.5,1,success,,-
clean,clean,1000,distractors,5,478,15.899999618530273,115.42,True,3.03,0.7982,7.881,12.87,1,success,,-
clean,clean,1000,distractors,6,857,28.53333282470703,114.31,True,15.47,0.7633,6.491,13.07,1,success,,-
clean,clean,1000,distractors,7,651,21.66666603088379,114.73,True,7.73,0.8016,17.514,13.93,1,success,,-
clean,clean,1000,distractors,8,408,13.566666603088379,113.78,True,2.63,0.7983,11.0,10.93,0,cube_out_of_bounds,,-
clean,clean,1000,distractors,9,548,18.233333587646484,113.38,True,3.8,0.7382,9.411,14.43,1,success,,-
clean,clean,1000,distractors,10,1149,38.266666412353516,119.84,True,3.87,0.7678,8.827,34.4,0,contact_no_grasp,,-
clean,clean,1000,distractors,11,413,13.733333587646484,122.5,True,2.63,0.8322,9.986,11.1,1,success,,-
clean,clean,1000,distractors,12,490,16.299999237060547,112.43,True,3.33,0.8082,7.708,12.97,1,success,,-
clean,clean,1000,distractors,13,601,20.0,115.74,True,6.93,0.8108,7.19,13.07,1,success,,-
clean,clean,1000,distractors,14,455,15.133333206176758,113.66,True,1.9,0.7588,6.127,13.23,1,success,,-
clean,clean,1000,distractors,15,551,18.33333396911621,117.19,True,5.57,0.776,6.112,12.77,1,success,,-
clean,clean,1000,in_distribution,1,472,15.699999809265137,123.18,True,2.67,0.7558,6.732,13.03,1,success,,-
clean,clean,1000,in_distribution,2,451,15.0,116.06,True,0.87,0.7807,8.196,14.13,1,success,,-
clean,clean,1000,in_distribution,3,472,15.699999809265137,116.01,True,2.53,0.7999,9.412,13.17,1,success,,-
clean,clean,1000,in_distribution,4,419,13.933333396911621,125.03,True,1.73,0.7779,6.474,12.2,1,success,,-
clean,clean,1000,in_distribution,5,451,15.0,117.43,True,2.13,0.8222,8.097,12.87,1,success,,-
clean,clean,1000,in_distribution,6,801,26.66666603088379,118.22,True,5.07,0.7476,7.885,21.6,1,success,,-
clean,clean,1000,in_distribution,7,460,15.300000190734863,114.62,True,1.87,0.7315,8.091,13.43,1,success,,-
clean,clean,1000,in_distribution,8,451,15.0,116.84,True,2.4,0.7901,7.983,12.6,1,success,,-
clean,clean,1000,in_distribution,9,458,15.233333587646484,112.87,True,2.93,0.802,8.501,12.3,1,success_after_missed_grasp,,-
clean,clean,1000,in_distribution,10,611,20.33333396911621,115.98,True,5.73,0.7572,6.353,14.6,1,success,,-
clean,clean,1000,in_distribution,11,451,15.0,112.47,True,2.27,0.7441,5.85,12.73,1,success,,-
clean,clean,1000,in_distribution,12,601,20.0,118.63,True,7.37,0.7935,7.873,12.63,1,success,,-
clean,clean,1000,in_distribution,13,554,18.433332443237305,116.83,True,7.17,0.7964,7.458,11.27,1,success,,-
clean,clean,1000,in_distribution,14,474,15.766666412353516,117.94,True,3.4,0.7872,6.939,12.37,1,success,,-
clean,clean,1000,in_distribution,15,426,14.166666984558105,121.8,True,1.9,0.78,6.845,12.27,1,success,,-
clean,clean,1000,near_1in,1,1148,38.233333587646484,117.39,True,17.27,0.7248,9.132,20.97,0,contact_no_grasp,,-
clean,clean,1000,near_1in,2,1149,38.266666412353516,111.85,True,11.43,0.7841,10.42,26.83,0,contact_no_grasp,,-
clean,clean,1000,near_1in,3,1151,38.33333206176758,114.84,True,9.97,0.7472,8.572,28.37,0,contact_no_grasp,,-
clean,clean,1000,near_1in,4,1146,38.16666793823242,115.42,True,1.97,0.7404,8.756,36.2,0,contact_no_grasp,,-
clean,clean,1000,near_1in,5,1151,38.33333206176758,93.95,True,36.67,0.9317,6.241,1.67,0,timeout_other,,-
clean,clean,1000,near_1in,6,1151,38.33333206176758,113.13,True,8.97,0.7396,8.999,29.37,0,contact_no_grasp,,-
clean,clean,1000,near_1in,7,1147,38.20000076293945,6.75,False,,,,,0,no_departure,,-
clean,clean,1000,near_1in,8,1146,38.16666793823242,114.39,True,25.07,0.7106,6.414,13.1,0,contact_no_grasp,,-
clean,clean,1000,near_2in,1,1148,38.233333587646484,7.81,False,,,,,0,no_departure,,-
clean,clean,1000,near_2in,2,1142,38.03333282470703,105.92,True,32.47,0.9298,8.963,5.57,0,timeout_other,,-
clean,clean,1000,near_2in,3,1148,38.233333587646484,110.41,True,17.7,0.7414,10.25,20.53,0,timeout_other,,-
clean,clean,1000,near_2in,4,1147,38.20000076293945,114.45,True,14.23,0.7586,8.948,23.97,0,timeout_other,,-
clean,clean,1000,near_2in,5,1147,38.20000076293945,113.8,True,10.17,0.7778,7.198,28.03,0,timeout_other,,-
clean,clean,1000,near_2in,6,1151,38.33333206176758,112.19,True,5.7,0.7623,11.416,32.63,0,timeout_other,,-
clean,clean,1000,near_2in,7,1151,38.33333206176758,111.13,True,5.13,0.722,9.605,33.2,0,timeout_other,,-
clean,clean,1000,near_2in,8,1148,38.233333587646484,114.04,True,9.23,0.7594,10.6,29.0,0,timeout_other,,-
clean,clean,1000,new_positions,1,1146,38.16666793823242,117.63,True,17.3,0.7407,7.44,20.87,0,timeout_other,,E1
clean,clean,1000,new_positions,2,1148,38.233333587646484,117.42,True,3.57,0.7755,8.364,34.67,0,timeout_other,,E1
clean,clean,1000,new_positions,3,1144,38.099998474121094,117.03,True,9.77,0.7848,9.33,28.33,0,timeout_other,,E1
clean,clean,1000,new_positions,4,1140,37.96666717529297,6.57,False,,,,,0,no_departure,,E2
clean,clean,1000,new_positions,5,1143,38.06666564941406,118.3,True,6.83,0.7153,8.066,31.23,0,timeout_other,,E2
clean,clean,1000,new_positions,6,1143,38.06666564941406,8.29,False,,,,,0,no_departure,,E2
clean,clean,1000,new_positions,7,1139,37.93333435058594,115.63,True,10.57,0.7108,8.172,27.37,0,timeout_other,,E3
clean,clean,1000,new_positions,8,1143,38.06666564941406,116.18,True,11.13,0.719,7.693,26.93,0,timeout_other,,E3
clean,clean,1000,new_positions,9,1146,38.16666793823242,78.61,True,37.27,1.0527,5.202,0.9,0,timeout_other,,E3
clean,clean,1000,new_positions,10,1148,38.233333587646484,114.83,True,3.87,0.7521,11.671,34.37,0,timeout_other,,E4
clean,clean,1000,new_positions,11,1145,38.13333511352539,115.98,True,4.07,0.7205,9.681,34.07,0,timeout_other,,E4
clean,clean,1000,new_positions,12,1144,38.099998474121094,114.49,True,7.13,0.7751,11.374,30.97,0,timeout_other,,E4
clean,clean,1000,new_positions,13,1080,35.96666717529297,112.6,True,20.37,0.6892,7.421,15.6,0,timeout_other,,E5
clean,clean,1000,new_positions,14,1068,35.56666564941406,109.72,True,5.1,0.6922,8.571,30.47,0,timeout_other,,E5
clean,clean,1000,new_positions,15,1062,35.36666488647461,116.76,True,10.33,0.7528,8.13,25.03,0,timeout_other,,E5
clean,clean,1000,reduced_lighting,1,746,24.83333396911621,123.35,True,13.77,0.8335,9.48,11.07,1,success,,-
clean,clean,1000,reduced_lighting,2,593,19.733333587646484,122.23,True,6.93,0.7804,5.85,12.8,1,success,,-
clean,clean,1000,reduced_lighting,3,539,17.933332443237305,123.71,True,4.0,0.754,6.115,13.93,1,success,,-
clean,clean,1000,reduced_lighting,4,621,20.66666603088379,119.3,True,6.63,0.7794,6.924,14.03,1,success,,-
clean,clean,1000,reduced_lighting,5,504,16.766666412353516,115.76,True,4.23,0.7573,5.489,12.53,1,success,,-
clean,clean,1000,reduced_lighting,6,1151,38.33333206176758,115.01,True,34.1,0.7678,9.639,4.23,0,timeout_other,,-
clean,clean,1000,reduced_lighting,7,604,20.100000381469727,119.73,True,7.57,0.7942,28.426,12.53,1,success,,-
clean,clean,1000,reduced_lighting,8,514,17.100000381469727,128.77,True,5.3,0.8207,7.401,11.8,1,success,,-
clean,clean,1000,reduced_lighting,9,633,21.066667556762695,117.44,True,4.97,0.7605,9.979,16.1,1,success,,-
clean,clean,1000,reduced_lighting,10,1151,38.33333206176758,124.4,True,2.47,0.7563,8.307,35.87,0,contact_no_grasp,,-
clean,clean,1000,reduced_lighting,11,621,20.66666603088379,112.46,True,5.67,0.7632,7.561,15.0,1,success,,-
clean,clean,1000,reduced_lighting,12,613,20.399999618530273,120.8,True,7.7,0.8228,7.864,12.7,1,success,,-
clean,clean,1000,reduced_lighting,13,784,26.100000381469727,117.8,True,13.53,0.7787,7.951,12.57,1,success,,-
clean,clean,1000,reduced_lighting,14,1151,38.33333206176758,121.45,True,6.9,0.7171,10.261,31.43,0,contact_no_grasp,,-
clean,clean,1000,reduced_lighting,15,1061,35.33333206176758,116.1,True,22.13,0.7527,6.587,13.2,1,success,,-
clean-seed2000,clean,2000,different_object,1,831,27.66666603088379,116.47,True,14.87,0.8428,6.351,12.8,1,success,,-
clean-seed2000,clean,2000,different_object,2,742,24.700000762939453,116.05,True,12.07,0.7583,6.699,12.63,1,success,,-
clean-seed2000,clean,2000,different_object,3,1151,38.33333206176758,13.14,False,,,,,0,no_departure,,-
clean-seed2000,clean,2000,different_object,4,1151,38.33333206176758,120.24,True,24.63,0.804,12.988,13.7,1,success,,-
clean-seed2000,clean,2000,different_object,5,757,25.200000762939453,117.31,True,11.87,0.7312,7.298,13.33,1,success,,-
clean-seed2000,clean,2000,different_object,6,464,15.433333396911621,116.64,True,3.77,0.788,6.385,11.67,1,success,,-
clean-seed2000,clean,2000,different_object,7,1151,38.33333206176758,112.93,True,27.27,0.7905,6.048,11.07,1,success,,-
clean-seed2000,clean,2000,different_object,8,774,25.766666412353516,116.52,True,12.7,0.7858,6.565,13.07,1,success,,-
clean-seed2000,clean,2000,different_object,9,1151,38.33333206176758,10.91,False,,,,,0,no_departure,,-
clean-seed2000,clean,2000,different_object,10,891,29.66666603088379,115.15,True,16.93,0.8145,8.25,12.73,1,success,,-
clean-seed2000,clean,2000,different_object,11,601,20.0,114.5,True,5.73,0.713,6.655,14.27,1,success,,-
clean-seed2000,clean,2000,different_object,12,1151,38.33333206176758,118.27,True,30.8,0.8054,7.012,7.53,0,timeout_other,,-
clean-seed2000,clean,2000,different_object,13,1150,38.29999923706055,115.04,True,28.87,0.7623,5.535,9.43,1,success,,-
clean-seed2000,clean,2000,different_object,14,889,29.600000381469727,120.52,True,15.7,0.7565,6.749,13.9,1,success,,-
clean-seed2000,clean,2000,different_object,15,1101,36.66666793823242,116.16,True,23.87,0.783,7.506,12.8,1,success,,-
clean-seed2000,clean,2000,distractors,1,449,14.933333396911621,116.35,True,1.7,0.8303,12.063,13.23,0,grasp_drop,,-
clean-seed2000,clean,2000,distractors,2,483,16.066667556762695,116.3,True,4.23,0.8225,7.534,11.83,1,success,,-
clean-seed2000,clean,2000,distractors,3,1149,38.266666412353516,120.38,True,2.17,0.7697,11.441,36.1,0,contact_no_grasp,,-
clean-seed2000,clean,2000,distractors,4,1151,38.33333206176758,114.87,True,3.93,0.7888,16.959,34.4,0,contact_no_grasp,,-
clean-seed2000,clean,2000,distractors,5,510,16.96666717529297,123.27,True,2.9,0.7779,17.299,14.07,1,success,,-
clean-seed2000,clean,2000,distractors,6,677,22.53333282470703,122.35,True,8.7,0.7375,5.827,13.83,1,success,,-
clean-seed2000,clean,2000,distractors,7,478,15.899999618530273,115.22,True,2.07,0.7755,7.038,13.83,1,success,,-
clean-seed2000,clean,2000,distractors,8,536,17.83333396911621,118.94,True,4.87,0.7834,7.427,12.97,1,success,,-
clean-seed2000,clean,2000,distractors,9,601,20.0,120.3,True,5.1,0.7636,5.63,14.9,1,success,,-
clean-seed2000,clean,2000,distractors,10,1151,38.33333206176758,117.87,True,2.37,0.7851,11.062,35.97,0,contact_no_grasp,,-
clean-seed2000,clean,2000,distractors,11,482,16.03333282470703,118.86,True,1.5,0.764,8.332,14.53,1,success,,-
clean-seed2000,clean,2000,distractors,12,538,17.899999618530273,116.05,True,4.8,0.8121,8.073,13.1,1,success,,-
clean-seed2000,clean,2000,distractors,13,446,14.833333015441895,117.91,True,1.5,0.8233,5.985,13.33,1,success,,-
clean-seed2000,clean,2000,distractors,14,536,17.83333396911621,112.63,True,2.43,0.8352,10.012,15.4,1,success,,-
clean-seed2000,clean,2000,distractors,15,1151,38.33333206176758,116.38,True,1.3,0.7489,10.249,37.03,0,contact_no_grasp,,-
clean-seed2000,clean,2000,in_distribution,1,401,13.333333015441895,119.24,True,0.83,0.7866,9.392,12.5,1,success,,-
clean-seed2000,clean,2000,in_distribution,2,618,20.566667556762695,121.91,True,6.83,0.7972,7.349,13.73,1,success,,-
clean-seed2000,clean,2000,in_distribution,3,445,14.800000190734863,116.11,True,2.37,0.7706,7.629,12.43,1,success,,-
clean-seed2000,clean,2000,in_distribution,4,443,14.733333587646484,117.62,True,3.03,0.8402,7.165,11.7,1,success,,-
clean-seed2000,clean,2000,in_distribution,5,431,14.333333015441895,116.7,True,1.8,0.7712,7.343,12.53,1,success,,-
clean-seed2000,clean,2000,in_distribution,6,487,16.200000762939453,117.12,True,3.93,0.7406,5.558,12.27,1,success,,-
clean-seed2000,clean,2000,in_distribution,7,435,14.466666221618652,115.02,True,2.23,0.7198,5.737,12.23,1,success,,-
clean-seed2000,clean,2000,in_distribution,8,711,23.66666603088379,118.4,True,10.3,0.7487,6.378,13.37,1,success,,-
clean-seed2000,clean,2000,in_distribution,9,601,20.0,115.87,True,6.1,0.7764,20.864,13.9,1,success,,-
clean-seed2000,clean,2000,in_distribution,10,651,21.66666603088379,120.51,True,8.23,0.803,9.374,13.43,1,success,,-
clean-seed2000,clean,2000,in_distribution,11,620,20.633333206176758,117.31,True,7.37,0.7852,6.803,13.27,1,success,,-
clean-seed2000,clean,2000,in_distribution,12,429,14.266666412353516,116.69,True,2.27,0.8097,6.181,12.0,1,success,,-
clean-seed2000,clean,2000,in_distribution,13,508,16.899999618530273,117.31,True,5.13,0.8169,7.616,11.77,1,success,,-
clean-seed2000,clean,2000,in_distribution,14,580,19.299999237060547,117.81,True,5.43,0.7708,6.248,13.87,1,success,,-
clean-seed2000,clean,2000,in_distribution,15,541,18.0,119.73,True,4.07,0.7589,7.767,13.93,1,success,,-
clean-seed2000,clean,2000,near_1in,1,549,18.266666412353516,131.56,True,5.63,0.8084,8.525,12.63,1,success,,-
clean-seed2000,clean,2000,near_1in,2,1147,38.20000076293945,115.54,True,6.87,0.7074,8.276,31.33,0,contact_no_grasp,,-
clean-seed2000,clean,2000,near_1in,3,597,19.866666793823242,129.34,True,3.97,0.7867,8.061,15.9,1,success,,-
clean-seed2000,clean,2000,near_1in,4,1148,38.233333587646484,120.87,True,9.87,0.6858,13.788,28.37,0,contact_no_grasp,,-
clean-seed2000,clean,2000,near_1in,5,1148,38.233333587646484,113.68,True,4.83,0.6864,6.19,33.4,0,contact_no_grasp,,-
clean-seed2000,clean,2000,near_1in,6,513,17.066667556762695,120.76,True,3.87,0.7642,7.004,13.2,1,success,,-
clean-seed2000,clean,2000,near_1in,7,1150,38.29999923706055,119.51,True,4.0,0.6984,7.137,34.3,0,contact_no_grasp,,-
clean-seed2000,clean,2000,near_1in,8,1148,38.233333587646484,114.37,True,4.77,0.7277,13.722,33.47,0,contact_no_grasp,,-
clean-seed2000,clean,2000,near_2in,1,1131,37.66666793823242,59.52,True,37.17,1.1864,4.51,0.5,0,timeout_other,,-
clean-seed2000,clean,2000,near_2in,2,1150,38.29999923706055,112.46,True,3.47,0.7002,8.754,34.83,0,timeout_other,,-
clean-seed2000,clean,2000,near_2in,3,1145,38.13333511352539,112.19,True,11.5,0.7247,10.478,26.63,0,timeout_other,,-
clean-seed2000,clean,2000,near_2in,4,1149,38.266666412353516,113.93,True,10.67,0.7244,8.869,27.6,0,timeout_other,,-
clean-seed2000,clean,2000,near_2in,5,1149,38.266666412353516,112.65,True,12.3,0.7223,7.333,25.97,0,timeout_other,,-
clean-seed2000,clean,2000,near_2in,6,1149,38.266666412353516,113.86,True,14.53,0.7479,8.534,23.73,0,timeout_other,,-
clean-seed2000,clean,2000,near_2in,7,1149,38.266666412353516,112.3,True,11.97,0.7091,9.184,26.3,0,timeout_other,,-
clean-seed2000,clean,2000,near_2in,8,1146,38.16666793823242,111.73,True,33.6,0.7468,7.704,4.57,0,contact_no_grasp,,-
clean-seed2000,clean,2000,new_positions,1,1151,38.33333206176758,119.69,True,11.03,0.7543,8.318,27.3,0,timeout_other,,E1
clean-seed2000,clean,2000,new_positions,2,1151,38.33333206176758,115.99,True,21.23,0.8024,8.758,17.1,0,timeout_other,,E1
clean-seed2000,clean,2000,new_positions,3,1151,38.33333206176758,112.83,True,32.5,0.7386,7.111,5.83,0,timeout_other,,E1
clean-seed2000,clean,2000,new_positions,4,1151,38.33333206176758,8.98,False,,,,,0,no_departure,,E2
clean-seed2000,clean,2000,new_positions,5,1151,38.33333206176758,8.51,False,,,,,0,no_departure,,E2
clean-seed2000,clean,2000,new_positions,6,1151,38.33333206176758,6.76,False,,,,,0,no_departure,,E2
clean-seed2000,clean,2000,new_positions,7,1151,38.33333206176758,7.69,False,,,,,0,no_departure,,E3
clean-seed2000,clean,2000,new_positions,8,1151,38.33333206176758,115.04,True,23.93,0.7272,6.976,14.4,0,timeout_other,,E3
clean-seed2000,clean,2000,new_positions,9,1150,38.29999923706055,113.56,True,9.3,0.7261,8.211,29.0,0,timeout_other,,E3
clean-seed2000,clean,2000,new_positions,10,1151,38.33333206176758,110.47,True,3.83,0.7277,7.408,34.5,0,timeout_other,,E4
clean-seed2000,clean,2000,new_positions,11,1148,38.233333587646484,110.84,True,7.8,0.7249,17.682,30.43,0,timeout_other,,E4
clean-seed2000,clean,2000,new_positions,12,1151,38.33333206176758,107.92,True,15.7,0.6929,7.564,22.63,0,timeout_other,,E4
clean-seed2000,clean,2000,new_positions,13,1151,38.33333206176758,112.19,True,19.53,0.7198,9.686,18.8,0,timeout_other,,E5
clean-seed2000,clean,2000,new_positions,14,1149,38.266666412353516,107.91,True,29.43,0.7608,9.513,8.83,0,timeout_other,,E5
clean-seed2000,clean,2000,new_positions,15,1151,38.33333206176758,110.82,True,6.07,0.7038,7.477,32.27,0,timeout_other,,E5
clean-seed2000,clean,2000,reduced_lighting,1,1151,38.33333206176758,7.33,False,,,,,0,no_departure,,-
clean-seed2000,clean,2000,reduced_lighting,2,575,19.133333206176758,126.05,True,6.9,0.7913,6.604,12.23,1,success,,-
clean-seed2000,clean,2000,reduced_lighting,3,1151,38.33333206176758,123.89,True,7.23,0.7275,10.799,31.1,0,contact_no_grasp,,-
clean-seed2000,clean,2000,reduced_lighting,4,803,26.733333587646484,120.88,True,14.07,0.7527,6.121,12.67,1,success,,-
clean-seed2000,clean,2000,reduced_lighting,5,1151,38.33333206176758,116.51,True,31.43,0.7822,5.222,6.9,0,timeout_other,,-
clean-seed2000,clean,2000,reduced_lighting,6,1150,38.29999923706055,94.73,True,35.9,0.8702,7.072,2.4,0,timeout_other,,-
clean-seed2000,clean,2000,reduced_lighting,7,696,23.16666603088379,119.65,True,8.63,0.7323,7.772,14.53,1,success,,-
clean-seed2000,clean,2000,reduced_lighting,8,889,29.600000381469727,124.17,True,17.13,0.7427,7.085,12.47,1,success,,-
clean-seed2000,clean,2000,reduced_lighting,9,757,25.200000762939453,119.71,True,11.17,0.7597,6.747,14.03,1,success,,-
clean-seed2000,clean,2000,reduced_lighting,10,804,26.766666412353516,135.91,True,12.07,0.7648,7.386,14.7,1,success,,-
clean-seed2000,clean,2000,reduced_lighting,11,1151,38.33333206176758,123.31,True,5.13,0.6729,6.362,33.2,0,contact_no_grasp,,-
clean-seed2000,clean,2000,reduced_lighting,12,519,17.266666412353516,120.89,True,3.8,0.7677,7.379,13.47,1,success,,-
clean-seed2000,clean,2000,reduced_lighting,13,1149,38.266666412353516,123.49,True,3.83,0.6762,7.54,34.43,0,contact_no_grasp,,-
clean-seed2000,clean,2000,reduced_lighting,14,651,21.66666603088379,113.52,True,8.2,0.7879,5.865,13.47,1,success,,-
clean-seed2000,clean,2000,reduced_lighting,15,648,21.566667556762695,131.87,True,6.0,0.7493,8.509,15.57,1,success,,-
color,color,1000,different_object,1,401,13.333333015441895,151.15,True,0.83,0.9493,14.12,12.5,1,success,,-
color,color,1000,different_object,2,392,13.033333778381348,144.81,True,0.97,0.8706,6.821,12.07,1,success,,-
color,color,1000,different_object,3,401,13.333333015441895,139.6,True,1.77,0.8296,7.132,11.57,1,success,,-
color,color,1000,different_object,4,389,12.933333396911621,145.41,True,2.97,0.9544,7.498,9.97,1,success,,-
color,color,1000,different_object,5,385,12.800000190734863,143.86,True,1.33,0.8857,10.276,11.47,1,success,,-
color,color,1000,different_object,6,401,13.333333015441895,148.96,True,1.63,0.8461,11.04,11.7,1,success,,-
color,color,1000,different_object,7,353,11.733333587646484,146.46,True,0.87,0.9276,8.873,10.87,1,success,,-
color,color,1000,different_object,8,401,13.333333015441895,140.55,True,1.63,0.8872,10.298,11.7,1,success,,-
color,color,1000,different_object,9,413,13.733333587646484,138.88,True,2.57,0.8793,7.88,11.17,1,success,,-
color,color,1000,different_object,10,384,12.766666412353516,144.14,True,1.37,0.884,7.189,11.4,1,success,,-
color,color,1000,different_object,11,400,13.300000190734863,149.57,True,2.43,0.9219,7.293,10.87,1,success,,-
color,color,1000,different_object,12,392,13.033333778381348,143.46,True,2.07,0.9352,7.199,10.97,1,success,,-
color,color,1000,different_object,13,401,13.333333015441895,144.95,True,1.57,0.9155,10.228,11.77,1,success,,-
color,color,1000,different_object,14,340,11.300000190734863,134.5,True,0.83,0.8752,7.12,10.47,1,success,,-
color,color,1000,different_object,15,401,13.333333015441895,151.18,True,0.87,0.8629,8.679,12.47,1,success,,-
color,color,1000,distractors,1,403,13.399999618530273,147.89,True,0.9,0.8887,7.771,12.5,1,success,,-
color,color,1000,distractors,2,358,11.899999618530273,146.15,True,0.63,0.9611,8.795,11.27,1,success,,-
color,color,1000,distractors,3,403,13.399999618530273,152.86,True,0.9,0.9271,13.665,12.5,1,success,,-
color,color,1000,distractors,4,371,12.333333015441895,146.63,True,0.63,0.9387,7.33,11.7,1,success,,-
color,color,1000,distractors,5,418,13.899999618530273,146.98,True,0.43,0.8585,8.236,13.47,1,success,,-
color,color,1000,distractors,6,441,14.666666984558105,148.41,True,1.07,0.891,8.87,13.6,1,success,,-
color,color,1000,distractors,7,385,12.800000190734863,146.96,True,0.77,0.9243,8.163,12.03,1,success,,-
color,color,1000,distractors,8,434,14.433333396911621,140.33,True,0.7,0.8781,6.813,13.73,1,success,,-
color,color,1000,distractors,9,418,13.899999618530273,146.67,True,1.63,0.9002,8.522,12.27,1,success,,-
color,color,1000,distractors,10,414,13.766666412353516,147.72,True,2.1,0.8862,7.72,11.67,1,success,,-
color,color,1000,distractors,11,1151,38.33333206176758,133.93,True,1.0,0.6674,16.774,37.33,0,contact_no_grasp,,-
color,color,1000,distractors,12,429,14.266666412353516,155.06,True,1.33,0.9034,9.755,12.93,1,success,,-
color,color,1000,distractors,13,394,13.100000381469727,141.5,True,0.67,0.8871,8.014,12.43,1,success,,-
color,color,1000,distractors,14,1151,38.33333206176758,135.69,True,0.63,0.6421,13.53,37.7,0,contact_no_grasp,,-
color,color,1000,distractors,15,475,15.800000190734863,149.04,True,1.47,0.8828,8.752,14.33,1,success,,-
color,color,1000,in_distribution,1,355,11.800000190734863,145.87,True,0.73,0.906,9.95,11.07,1,success,,-
color,color,1000,in_distribution,2,464,15.433333396911621,147.28,True,3.03,0.8927,9.414,12.4,1,success,,-
color,color,1000,in_distribution,3,431,14.333333015441895,145.67,True,0.63,0.8808,8.529,13.7,1,success,,-
color,color,1000,in_distribution,4,635,21.133333206176758,146.31,True,0.8,0.8331,9.447,20.33,1,success,,-
color,color,1000,in_distribution,5,405,13.466666221618652,145.06,True,0.83,0.8644,11.727,12.63,1,success,,-
color,color,1000,in_distribution,6,351,11.666666984558105,146.39,True,0.67,0.9462,8.99,11.0,1,success,,-
color,color,1000,in_distribution,7,380,12.633333206176758,146.14,True,0.83,0.8984,10.686,11.8,1,success,,-
color,color,1000,in_distribution,8,1146,38.16666793823242,138.44,True,0.77,0.7163,13.01,37.4,0,contact_no_grasp,,-
color,color,1000,in_distribution,9,425,14.133333206176758,143.12,True,0.97,0.8529,8.142,13.17,1,success,,-
color,color,1000,in_distribution,10,446,14.833333015441895,148.09,True,1.53,0.856,6.749,13.3,1,success,,-
color,color,1000,in_distribution,11,1148,38.233333587646484,128.12,True,0.6,0.6767,12.195,37.63,0,grasp_drop,,-
color,color,1000,in_distribution,12,400,13.300000190734863,149.23,True,1.5,0.8516,8.101,11.8,1,success,,-
color,color,1000,in_distribution,13,343,11.399999618530273,142.65,True,0.6,0.8554,8.577,10.8,1,success,,-
color,color,1000,in_distribution,14,401,13.333333015441895,144.28,True,1.03,0.8793,19.515,12.3,1,success,,-
color,color,1000,in_distribution,15,395,13.133333206176758,143.77,True,2.0,0.8586,8.093,11.13,1,success,,-
color,color,1000,new_positions,1,1149,38.266666412353516,139.89,True,2.23,0.5504,11.672,36.03,0,timeout_other,,E1
color,color,1000,new_positions,2,1149,38.266666412353516,139.04,True,1.83,0.5499,13.057,36.43,0,timeout_other,,E1
color,color,1000,new_positions,3,1151,38.33333206176758,141.67,True,4.4,0.5705,20.109,33.93,0,timeout_other,,E1
color,color,1000,new_positions,4,1150,38.29999923706055,130.51,True,23.97,0.8551,9.225,14.33,0,timeout_other,,E2
color,color,1000,new_positions,5,1151,38.33333206176758,137.53,True,5.73,0.6129,25.014,32.6,0,timeout_other,,E2
color,color,1000,new_positions,6,1151,38.33333206176758,136.47,True,12.2,0.5787,12.252,26.13,0,timeout_other,,E2
color,color,1000,new_positions,7,1151,38.33333206176758,136.38,True,1.6,0.5249,6.905,36.73,0,timeout_other,,E3
color,color,1000,new_positions,8,1151,38.33333206176758,133.82,True,1.43,0.5276,8.004,36.9,0,timeout_other,,E3
color,color,1000,new_positions,9,1151,38.33333206176758,134.97,True,1.87,0.5087,7.677,36.47,0,timeout_other,,E3
color,color,1000,new_positions,10,1151,38.33333206176758,131.51,True,2.37,0.5933,9.702,35.97,0,timeout_other,,E4
color,color,1000,new_positions,11,1151,38.33333206176758,135.19,True,2.13,0.5542,7.553,36.2,0,timeout_other,,E4
color,color,1000,new_positions,12,1151,38.33333206176758,141.99,True,2.4,0.5748,8.05,35.93,0,timeout_other,,E4
color,color,1000,new_positions,13,1151,38.33333206176758,132.93,True,2.83,0.6039,7.824,35.5,0,timeout_other,,E5
color,color,1000,new_positions,14,1150,38.29999923706055,132.26,True,1.7,0.6596,8.678,36.6,0,timeout_other,,E5
color,color,1000,new_positions,15,1115,37.13333511352539,124.39,True,4.0,0.6953,9.009,33.13,0,timeout_other,,E5
color,color,1000,reduced_lighting,1,332,11.033333778381348,145.35,True,0.47,0.8937,8.163,10.57,1,success,,-
color,color,1000,reduced_lighting,2,1151,38.33333206176758,135.54,True,0.77,0.6525,11.003,37.57,0,contact_no_grasp,,-
color,color,1000,reduced_lighting,3,390,12.966666221618652,148.64,True,1.2,0.9104,8.629,11.77,1,success,,-
color,color,1000,reduced_lighting,4,383,12.733333587646484,146.4,True,0.53,0.8634,8.696,12.2,1,success,,-
color,color,1000,reduced_lighting,5,1151,38.33333206176758,139.36,True,0.7,0.6124,12.022,37.63,0,contact_no_grasp,,-
color,color,1000,reduced_lighting,6,379,12.600000381469727,142.13,True,0.77,0.8996,7.201,11.83,1,success,,-
color,color,1000,reduced_lighting,7,438,14.566666603088379,146.16,True,1.57,0.8433,12.026,13.0,1,success,,-
color,color,1000,reduced_lighting,8,337,11.199999809265137,148.46,True,0.67,0.8992,8.267,10.53,1,success,,-
color,color,1000,reduced_lighting,9,351,11.666666984558105,144.06,True,1.17,0.9212,8.038,10.5,1,success,,-
color,color,1000,reduced_lighting,10,351,11.666666984558105,147.72,True,0.7,0.8792,9.343,10.97,1,success,,-
color,color,1000,reduced_lighting,11,1151,38.33333206176758,135.15,True,0.57,0.7398,10.157,37.77,0,contact_no_grasp,,-
color,color,1000,reduced_lighting,12,379,12.600000381469727,144.9,True,0.87,0.9266,9.252,11.73,1,success,,-
color,color,1000,reduced_lighting,13,566,18.83333396911621,141.47,True,0.6,0.7472,10.716,18.23,1,success_after_missed_grasp,,-
color,color,1000,reduced_lighting,14,405,13.466666221618652,148.77,True,0.57,0.857,9.049,12.9,1,success,,-
color,color,1000,reduced_lighting,15,426,14.166666984558105,147.21,True,0.47,0.8625,8.117,13.7,1,success,,-
color-seed2000,color,2000,different_object,1,400,13.300000190734863,139.23,True,2.17,0.8472,8.306,11.13,1,success,,-
color-seed2000,color,2000,different_object,2,372,12.366666793823242,139.04,True,1.43,0.9131,14.259,10.93,1,success,,-
color-seed2000,color,2000,different_object,3,368,12.233333587646484,143.88,True,0.73,0.8269,6.16,11.5,1,success,,-
color-seed2000,color,2000,different_object,4,401,13.333333015441895,149.28,True,1.47,0.8807,7.957,11.87,1,success,,-
color-seed2000,color,2000,different_object,5,413,13.733333587646484,143.83,True,1.57,0.8889,14.929,12.17,1,success,,-
color-seed2000,color,2000,different_object,6,399,13.266666412353516,144.21,True,1.63,0.8583,8.911,11.63,1,success,,-
color-seed2000,color,2000,different_object,7,401,13.333333015441895,145.11,True,1.83,0.8978,10.521,11.5,1,success,,-
color-seed2000,color,2000,different_object,8,383,12.733333587646484,141.64,True,0.7,0.8794,8.732,12.03,1,success,,-
color-seed2000,color,2000,different_object,9,399,13.266666412353516,140.07,True,0.93,0.869,11.593,12.33,1,success,,-
color-seed2000,color,2000,different_object,10,382,12.699999809265137,145.11,True,1.73,0.8787,8.482,10.97,1,success,,-
color-seed2000,color,2000,different_object,11,344,11.433333396911621,145.11,True,1.0,0.8937,9.188,10.43,1,success,,-
color-seed2000,color,2000,different_object,12,401,13.333333015441895,140.97,True,1.53,0.8763,10.357,11.8,1,success,,-
color-seed2000,color,2000,different_object,13,412,13.699999809265137,144.95,True,2.43,0.9243,10.105,11.27,1,success,,-
color-seed2000,color,2000,different_object,14,362,12.033333778381348,141.32,True,0.7,0.899,9.911,11.33,1,success,,-
color-seed2000,color,2000,different_object,15,373,12.399999618530273,148.58,True,1.03,0.8798,9.693,11.37,1,success,,-
color-seed2000,color,2000,distractors,1,446,14.833333015441895,143.8,True,2.47,0.9182,11.198,12.37,1,success,,-
color-seed2000,color,2000,distractors,2,406,13.5,149.31,True,0.87,0.8859,9.622,12.63,1,success,,-
color-seed2000,color,2000,distractors,3,403,13.399999618530273,146.05,True,2.23,0.9373,8.439,11.17,1,success,,-
color-seed2000,color,2000,distractors,4,410,13.633333206176758,142.65,True,1.4,0.9099,9.561,12.23,1,success,,-
color-seed2000,color,2000,distractors,5,408,13.566666603088379,145.74,True,2.17,0.8483,8.106,11.4,1,success,,-
color-seed2000,color,2000,distractors,6,440,14.633333206176758,137.01,True,2.13,0.8996,7.273,12.5,1,success,,-
color-seed2000,color,2000,distractors,7,518,17.233333587646484,149.05,True,6.17,0.9404,8.139,11.07,1,success,,-
color-seed2000,color,2000,distractors,8,479,15.933333396911621,136.93,True,0.97,0.9335,13.132,14.97,1,success,,-
color-seed2000,color,2000,distractors,9,503,16.733333587646484,137.83,True,3.77,0.8876,7.542,12.97,1,success,,-
color-seed2000,color,2000,distractors,10,404,13.433333396911621,148.35,True,0.93,0.9145,10.985,12.5,1,success,,-
color-seed2000,color,2000,distractors,11,462,15.366666793823242,145.63,True,2.07,0.8555,9.345,13.3,1,success,,-
color-seed2000,color,2000,distractors,12,411,13.666666984558105,147.6,True,1.33,0.8885,8.518,12.33,1,success,,-
color-seed2000,color,2000,distractors,13,424,14.100000381469727,142.48,True,2.2,0.7981,9.14,11.9,1,success,,-
color-seed2000,color,2000,distractors,14,439,14.600000381469727,142.16,True,1.33,0.8366,7.6,13.27,1,success,,-
color-seed2000,color,2000,distractors,15,401,13.333333015441895,146.97,True,2.03,0.8812,8.698,11.3,1,success,,-
color-seed2000,color,2000,in_distribution,1,1148,38.233333587646484,141.68,True,2.27,0.7383,10.721,35.97,0,timeout_other,,-
color-seed2000,color,2000,in_distribution,2,401,13.333333015441895,150.37,True,2.33,0.8801,7.257,11.0,1,success,,-
color-seed2000,color,2000,in_distribution,3,429,14.266666412353516,143.09,True,1.5,0.8652,7.08,12.77,1,success,,-
color-seed2000,color,2000,in_distribution,4,620,20.633333206176758,147.57,True,0.9,0.8603,10.642,19.73,1,success,,-
color-seed2000,color,2000,in_distribution,5,385,12.800000190734863,148.37,True,1.2,0.8987,9.357,11.6,1,success,,-
color-seed2000,color,2000,in_distribution,6,1151,38.33333206176758,135.3,True,1.87,0.6869,7.967,36.47,0,contact_no_grasp,,-
color-seed2000,color,2000,in_distribution,7,406,13.5,149.49,True,1.53,0.8945,15.887,11.97,1,success,,-
color-seed2000,color,2000,in_distribution,8,370,12.300000190734863,147.02,True,1.07,0.9172,9.251,11.23,1,success,,-
color-seed2000,color,2000,in_distribution,9,1150,38.29999923706055,136.09,True,1.23,0.6836,10.67,37.07,0,contact_no_grasp,,-
color-seed2000,color,2000,in_distribution,10,384,12.766666412353516,149.36,True,1.6,0.9341,10.334,11.17,1,success,,-
color-seed2000,color,2000,in_distribution,11,370,12.300000190734863,142.34,True,0.63,0.9087,11.487,11.67,1,success,,-
color-seed2000,color,2000,in_distribution,12,389,12.933333396911621,149.22,True,0.4,0.8531,9.329,12.53,1,success,,-
color-seed2000,color,2000,in_distribution,13,374,12.433333396911621,149.17,True,1.13,0.8939,9.621,11.3,1,success,,-
color-seed2000,color,2000,in_distribution,14,401,13.333333015441895,144.95,True,1.17,0.8619,7.953,12.17,1,success,,-
color-seed2000,color,2000,in_distribution,15,347,11.533333778381348,149.45,True,0.57,0.8851,9.926,10.97,1,success,,-
color-seed2000,color,2000,new_positions,1,1151,38.33333206176758,135.12,True,2.7,0.5758,11.989,35.63,0,timeout_other,,E1
color-seed2000,color,2000,new_positions,2,1151,38.33333206176758,133.41,True,1.37,0.5845,9.382,36.97,0,timeout_other,,E1
color-seed2000,color,2000,new_positions,3,1151,38.33333206176758,133.37,True,1.93,0.593,11.326,36.4,0,timeout_other,,E1
color-seed2000,color,2000,new_positions,4,1150,38.29999923706055,120.18,True,4.1,0.6258,9.668,34.2,0,timeout_other,,E2
color-seed2000,color,2000,new_positions,5,1151,38.33333206176758,133.34,True,4.57,0.6304,8.66,33.77,0,timeout_other,,E2
color-seed2000,color,2000,new_positions,6,1151,38.33333206176758,133.01,True,2.27,0.6067,8.606,36.07,0,timeout_other,,E2
color-seed2000,color,2000,new_positions,7,1151,38.33333206176758,130.94,True,1.93,0.55,7.602,36.4,0,timeout_other,,E3
color-seed2000,color,2000,new_positions,8,1151,38.33333206176758,131.73,True,2.23,0.56,8.989,36.1,0,timeout_other,,E3
color-seed2000,color,2000,new_positions,9,1149,38.266666412353516,130.49,True,2.03,0.5512,8.87,36.23,0,timeout_other,,E3
color-seed2000,color,2000,new_positions,10,1147,38.20000076293945,130.39,True,2.7,0.6668,7.938,35.5,0,timeout_other,,E4
color-seed2000,color,2000,new_positions,11,1149,38.266666412353516,130.55,True,3.87,0.6319,9.307,34.4,0,timeout_other,,E4
color-seed2000,color,2000,new_positions,12,1147,38.20000076293945,126.49,True,3.23,0.6966,9.14,34.97,0,timeout_other,,E4
color-seed2000,color,2000,new_positions,13,1151,38.33333206176758,131.19,True,2.27,0.6073,11.058,36.07,0,timeout_other,,E5
color-seed2000,color,2000,new_positions,14,1145,38.13333511352539,128.32,True,3.97,0.6465,14.406,34.17,0,timeout_other,,E5
color-seed2000,color,2000,new_positions,15,1123,37.400001525878906,129.81,True,2.27,0.6226,9.029,35.13,0,timeout_other,,E5
color-seed2000,color,2000,reduced_lighting,1,1151,38.33333206176758,138.61,True,2.47,0.604,9.688,35.87,0,contact_no_grasp,,-
color-seed2000,color,2000,reduced_lighting,2,351,11.666666984558105,145.32,True,1.23,0.965,8.319,10.43,1,success,,-
color-seed2000,color,2000,reduced_lighting,3,376,12.5,148.76,True,0.6,0.856,8.692,11.9,1,success,,-
color-seed2000,color,2000,reduced_lighting,4,401,13.333333015441895,142.76,True,0.9,0.8685,8.009,12.43,1,success,,-
color-seed2000,color,2000,reduced_lighting,5,460,15.300000190734863,143.06,True,3.7,0.8834,7.989,11.6,1,success,,-
color-seed2000,color,2000,reduced_lighting,6,383,12.733333587646484,150.5,True,2.57,0.9241,10.528,10.17,1,success,,-
color-seed2000,color,2000,reduced_lighting,7,385,12.800000190734863,143.65,True,0.47,0.8885,10.012,12.33,1,success,,-
color-seed2000,color,2000,reduced_lighting,8,432,14.366666793823242,139.48,True,0.97,0.8488,7.911,13.4,1,success,,-
color-seed2000,color,2000,reduced_lighting,9,359,11.933333396911621,147.31,True,1.7,0.9017,13.003,10.23,1,success,,-
color-seed2000,color,2000,reduced_lighting,10,369,12.266666412353516,147.01,True,0.7,0.9129,10.774,11.57,1,success,,-
color-seed2000,color,2000,reduced_lighting,11,380,12.633333206176758,141.52,True,0.77,0.8561,8.182,11.87,1,success,,-
color-seed2000,color,2000,reduced_lighting,12,354,11.766666412353516,142.68,True,0.87,0.8807,10.018,10.9,1,success,,-
color-seed2000,color,2000,reduced_lighting,13,437,14.533333778381348,144.93,True,2.27,0.8596,7.207,12.27,1,success,,-
color-seed2000,color,2000,reduced_lighting,14,350,11.633333206176758,146.81,True,1.27,0.9755,10.534,10.37,1,success,,-
color-seed2000,color,2000,reduced_lighting,15,426,14.166666984558105,151.32,True,1.27,0.8613,11.027,12.9,1,success,,-
color-slowpace,color-slowpace,1000,different_object,1,688,22.899999618530273,127.29,True,6.87,0.838,7.659,16.03,1,success,,-
color-slowpace,color-slowpace,1000,different_object,2,619,20.600000381469727,127.3,True,4.73,0.8164,8.398,15.87,1,success,,-
color-slowpace,color-slowpace,1000,different_object,3,589,19.600000381469727,135.23,True,3.3,0.8594,9.573,16.3,1,success,,-
color-slowpace,color-slowpace,1000,different_object,4,1151,38.33333206176758,149.09,True,22.8,0.8713,6.854,15.53,1,success,,-
color-slowpace,color-slowpace,1000,different_object,5,555,18.46666717529297,136.38,True,3.5,0.857,7.046,14.97,1,success,,-
color-slowpace,color-slowpace,1000,different_object,6,521,17.33333396911621,144.68,True,2.3,0.8864,8.261,15.03,1,success,,-
color-slowpace,color-slowpace,1000,different_object,7,590,19.633333206176758,125.38,True,3.83,0.7854,7.106,15.8,1,success,,-
color-slowpace,color-slowpace,1000,different_object,8,1151,38.33333206176758,128.61,True,30.03,0.8703,9.454,8.3,0,timeout_other,,-
color-slowpace,color-slowpace,1000,different_object,9,656,21.83333396911621,121.78,True,5.87,0.7987,8.832,15.97,1,success,,-
color-slowpace,color-slowpace,1000,different_object,10,598,19.899999618530273,137.03,True,3.9,0.8563,12.765,16.0,1,success,,-
color-slowpace,color-slowpace,1000,different_object,11,545,18.133333206176758,125.59,True,2.23,0.7934,10.771,15.9,1,success,,-
color-slowpace,color-slowpace,1000,different_object,12,711,23.66666603088379,124.68,True,7.13,0.8133,7.497,16.53,1,success,,-
color-slowpace,color-slowpace,1000,different_object,13,576,19.16666603088379,140.65,True,4.1,0.8843,8.83,15.07,1,success,,-
color-slowpace,color-slowpace,1000,different_object,14,795,26.46666717529297,143.34,True,9.33,0.8535,11.697,17.13,1,success,,-
color-slowpace,color-slowpace,1000,different_object,15,693,23.066667556762695,142.46,True,4.23,0.8043,7.862,18.83,1,success,,-
color-slowpace,color-slowpace,1000,in_distribution,1,755,25.133333206176758,125.88,True,9.53,0.8483,8.539,15.6,1,success,,-
color-slowpace,color-slowpace,1000,in_distribution,2,842,28.03333282470703,114.6,True,12.47,0.8682,9.158,15.57,1,success,,-
color-slowpace,color-slowpace,1000,in_distribution,3,600,19.96666717529297,122.61,True,4.93,0.7941,8.183,15.03,1,success,,-
color-slowpace,color-slowpace,1000,in_distribution,4,1147,38.20000076293945,6.7,False,,,,,0,no_departure,,-
color-slowpace,color-slowpace,1000,in_distribution,5,602,20.03333282470703,122.46,True,5.4,0.8372,9.667,14.63,1,success,,-
color-slowpace,color-slowpace,1000,in_distribution,6,547,18.200000762939453,137.18,True,2.53,0.8297,8.245,15.67,1,success,,-
color-slowpace,color-slowpace,1000,in_distribution,7,542,18.03333282470703,117.61,True,2.13,0.8254,9.02,15.9,1,success,,-
color-slowpace,color-slowpace,1000,in_distribution,8,1151,38.33333206176758,132.66,True,2.7,0.7267,9.176,35.63,0,contact_no_grasp,,-
color-slowpace,color-slowpace,1000,in_distribution,9,641,21.33333396911621,114.63,True,4.37,0.789,8.835,16.97,1,success,,-
color-slowpace,color-slowpace,1000,in_distribution,10,1149,38.266666412353516,114.85,True,34.77,1.0394,13.418,3.5,0,timeout_other,,-
color-slowpace,color-slowpace,1000,in_distribution,11,872,29.03333282470703,126.07,True,12.43,0.7794,9.089,16.6,1,success,,-
color-slowpace,color-slowpace,1000,in_distribution,12,810,26.96666717529297,123.03,True,12.63,0.8189,7.064,14.33,1,success,,-
color-slowpace,color-slowpace,1000,in_distribution,13,1149,38.266666412353516,10.22,False,,,,,0,no_departure,,-
color-slowpace,color-slowpace,1000,in_distribution,14,636,21.16666603088379,128.56,True,7.43,0.7813,9.471,13.73,1,success,,-
color-slowpace,color-slowpace,1000,in_distribution,15,1150,38.29999923706055,121.86,True,29.97,0.8571,14.225,8.33,0,timeout_other,,-
density,density,1000,in_distribution,1,419,13.933333396911621,142.64,True,0.67,0.9554,7.47,13.27,1,success,,-
density,density,1000,in_distribution,2,413,13.733333587646484,147.27,True,0.33,0.9642,8.668,13.4,1,success,,-
density,density,1000,in_distribution,3,420,13.966666221618652,133.07,True,0.47,0.9414,8.208,13.5,1,success,,-
density,density,1000,in_distribution,4,401,13.333333015441895,127.69,True,0.53,0.9532,6.959,12.8,1,success,,-
density,density,1000,in_distribution,5,367,12.199999809265137,130.97,True,0.43,0.966,7.777,11.77,1,success,,-
density,density,1000,in_distribution,6,403,13.399999618530273,130.74,True,0.43,0.9243,6.435,12.97,1,success,,-
density,density,1000,in_distribution,7,401,13.333333015441895,133.48,True,0.4,0.9159,7.306,12.93,1,success,,-
density,density,1000,in_distribution,8,430,14.300000190734863,136.14,True,0.57,0.9207,7.682,13.73,1,success,,-
density,density,1000,in_distribution,9,391,13.0,141.86,True,0.53,0.9853,9.3,12.47,1,success,,-
density,density,1000,in_distribution,10,424,14.100000381469727,141.32,True,0.67,0.912,10.42,13.43,1,success,,-
density,density,1000,in_distribution,11,415,13.800000190734863,135.49,True,0.47,0.9075,7.0,13.33,1,success,,-
density,density,1000,in_distribution,12,372,12.366666793823242,136.0,True,0.43,0.974,9.581,11.93,1,success,,-
density,density,1000,in_distribution,13,396,13.166666984558105,131.15,True,0.37,0.9245,7.602,12.8,1,success,,-
density,density,1000,in_distribution,14,450,14.966666221618652,125.83,True,0.7,0.8709,8.871,14.27,1,success,,-
density,density,1000,in_distribution,15,388,12.899999618530273,127.07,True,0.47,0.9603,7.745,12.43,1,success,,-
density,density,1000,new_positions,1,1149,38.266666412353516,104.06,True,0.87,0.903,10.103,37.4,0,timeout_other,,E1
density,density,1000,new_positions,2,1116,37.16666793823242,102.72,True,0.73,0.8661,11.039,36.43,0,timeout_other,,E1
density,density,1000,new_positions,3,1144,38.099998474121094,107.09,True,0.67,0.84,8.084,37.43,0,timeout_other,,E1
density,density,1000,new_positions,4,1116,37.16666793823242,111.04,True,2.03,0.8902,9.194,35.13,0,timeout_other,,E2
density,density,1000,new_positions,5,1118,37.233333587646484,108.55,True,2.7,0.8588,9.975,34.53,0,timeout_other,,E2
density,density,1000,new_positions,6,1125,37.46666717529297,105.12,True,2.2,0.9121,12.537,35.27,0,timeout_other,,E2
density,density,1000,new_positions,7,1151,38.33333206176758,118.04,True,0.97,0.8609,11.832,37.37,0,timeout_other,,E3
density,density,1000,new_positions,8,1151,38.33333206176758,109.21,True,1.1,0.8636,18.884,37.23,0,timeout_other,,E3
density,density,1000,new_positions,9,1148,38.233333587646484,114.5,True,1.3,0.8664,13.589,36.93,0,timeout_other,,E3
density,density,1000,new_positions,10,1148,38.233333587646484,100.85,True,0.83,0.811,7.331,37.4,0,timeout_other,,E4
density,density,1000,new_positions,11,1145,38.13333511352539,101.71,True,1.1,0.8305,7.896,37.03,0,timeout_other,,E4
density,density,1000,new_positions,12,1146,38.16666793823242,110.66,True,0.83,0.8211,9.723,37.33,0,timeout_other,,E4
density,density,1000,new_positions,13,1150,38.29999923706055,116.46,True,2.17,0.9293,10.333,36.13,0,timeout_other,,E5
density,density,1000,new_positions,14,1146,38.16666793823242,107.67,True,0.97,0.9757,8.638,37.2,0,timeout_other,,E5
density,density,1000,new_positions,15,1145,38.13333511352539,101.47,True,0.8,0.9926,8.955,37.33,0,timeout_other,,E5
density,density,1000,trained_t2,1,397,13.199999809265137,132.99,True,0.77,0.9757,7.336,12.43,1,success,,-
density,density,1000,trained_t2,2,399,13.266666412353516,134.79,True,0.63,0.977,8.058,12.63,1,success,,-
density,density,1000,trained_t2,3,439,14.600000381469727,140.06,True,0.53,0.9362,7.07,14.07,1,success,,-
density,density,1000,trained_t2,4,367,12.199999809265137,127.44,True,0.57,0.934,6.592,11.63,1,success,,-
density,density,1000,trained_t2,5,401,13.333333015441895,130.22,True,0.73,0.9617,8.337,12.6,1,success,,-
density,density,1000,trained_t2,6,392,13.033333778381348,129.91,True,0.63,0.9365,9.732,12.4,1,success,,-
density,density,1000,trained_t2,7,397,13.199999809265137,139.64,True,0.53,0.9502,8.694,12.67,1,success,,-
density,density,1000,trained_t2,8,385,12.800000190734863,133.6,True,0.6,0.9329,7.648,12.2,1,success,,-
density,density,1000,trained_t2,9,401,13.333333015441895,132.37,True,0.57,0.9409,7.827,12.77,1,success,,-
density,density,1000,trained_t2,10,417,13.866666793823242,136.22,True,0.6,0.9297,8.932,13.27,1,success,,-
density,density,1000,trained_t2,11,361,12.0,136.22,True,0.53,0.9378,7.643,11.47,1,success,,-
density,density,1000,trained_t2,12,401,13.333333015441895,122.97,True,0.7,0.9439,7.426,12.63,1,success,,-
density,density,1000,trained_t2,13,399,13.266666412353516,132.75,True,0.53,0.9083,7.818,12.73,1,success,,-
density,density,1000,trained_t2,14,408,13.566666603088379,138.39,True,0.53,1.0011,8.174,13.03,1,success,,-
density,density,1000,trained_t2,15,401,13.333333015441895,135.36,True,0.6,0.952,7.13,12.73,1,success,,-
randomized,randomized,1000,different_object,1,1151,38.33333206176758,8.33,False,,,,,0,no_departure,,-
randomized,randomized,1000,different_object,2,1151,38.33333206176758,5.54,False,,,,,0,no_departure,,-
randomized,randomized,1000,different_object,3,1151,38.33333206176758,7.07,False,,,,,0,no_departure,,-
randomized,randomized,1000,different_object,4,1151,38.33333206176758,137.63,True,4.47,0.7665,6.89,33.87,0,contact_no_grasp,,-
randomized,randomized,1000,different_object,5,1151,38.33333206176758,151.34,True,19.27,0.7759,10.63,19.07,0,timeout_other,,-
randomized,randomized,1000,different_object,6,1150,38.29999923706055,157.73,True,1.97,0.8093,8.302,36.33,0,timeout_other,,-
randomized,randomized,1000,different_object,7,1151,38.33333206176758,156.44,True,2.03,0.8312,9.731,36.3,0,timeout_other,,-
randomized,randomized,1000,different_object,8,1143,38.06666564941406,158.29,True,6.43,0.8669,13.557,31.63,0,contact_no_grasp,,-
randomized,randomized,1000,different_object,9,1140,37.96666717529297,7.52,False,,,,,0,no_departure,,-
randomized,randomized,1000,different_object,10,1142,38.03333282470703,157.27,True,12.47,0.7996,8.04,25.57,0,timeout_other,,-
randomized,randomized,1000,different_object,11,1140,37.96666717529297,171.37,True,2.37,0.864,9.649,35.6,0,grasp_drop,,-
randomized,randomized,1000,different_object,12,1150,38.29999923706055,157.49,True,11.07,0.8795,23.638,27.23,0,timeout_other,,-
randomized,randomized,1000,different_object,13,1150,38.29999923706055,188.18,True,2.67,0.8284,9.609,35.63,0,timeout_other,,-
randomized,randomized,1000,different_object,14,1146,38.16666793823242,149.76,True,5.8,0.7995,10.773,32.37,0,timeout_other,,-
randomized,randomized,1000,different_object,15,1135,37.79999923706055,152.02,True,8.47,0.8736,8.084,29.33,0,timeout_other,,-
randomized,randomized,1000,distractors,1,1151,38.33333206176758,172.05,True,9.63,0.7544,7.653,28.7,0,timeout_other,,-
randomized,randomized,1000,distractors,2,1151,38.33333206176758,179.48,True,4.13,0.7799,6.369,34.2,0,contact_no_grasp,,-
randomized,randomized,1000,distractors,3,1151,38.33333206176758,181.94,True,3.0,0.7697,9.767,35.33,0,timeout_other,,-
randomized,randomized,1000,distractors,4,701,23.33333396911621,127.22,True,7.53,0.8456,8.081,15.8,1,success,,-
randomized,randomized,1000,distractors,5,1151,38.33333206176758,168.88,True,4.57,0.8322,9.138,33.77,0,timeout_other,,-
randomized,randomized,1000,distractors,6,1149,38.266666412353516,182.18,True,3.03,0.7723,9.606,35.23,0,timeout_other,,-
randomized,randomized,1000,distractors,7,1147,38.20000076293945,178.73,True,1.1,0.7447,10.758,37.1,0,contact_no_grasp,,-
randomized,randomized,1000,distractors,8,1146,38.16666793823242,176.82,True,1.8,0.8114,11.959,36.37,0,grasp_drop,,-
randomized,randomized,1000,distractors,9,1150,38.29999923706055,183.83,True,2.37,0.7645,9.447,35.93,0,timeout_other,,-
randomized,randomized,1000,distractors,10,1148,38.233333587646484,186.26,True,1.53,0.823,8.781,36.7,0,timeout_other,,-
randomized,randomized,1000,distractors,11,1145,38.13333511352539,187.59,True,4.57,0.7605,8.333,33.57,0,timeout_other,,-
randomized,randomized,1000,distractors,12,1132,37.70000076293945,192.2,True,4.5,0.81,9.519,33.2,0,timeout_other,,-
randomized,randomized,1000,distractors,13,1126,37.5,184.45,True,9.6,0.7611,9.904,27.9,0,timeout_other,,-
randomized,randomized,1000,distractors,14,1117,37.20000076293945,189.76,True,7.3,0.7972,10.358,29.9,0,timeout_other,,-
randomized,randomized,1000,distractors,15,1109,36.93333435058594,182.94,True,5.4,0.7689,7.418,31.53,0,timeout_other,,-
randomized,randomized,1000,in_distribution,1,714,23.766666412353516,123.88,True,9.37,0.8667,7.481,14.4,1,success,,-
randomized,randomized,1000,in_distribution,2,1144,38.099998474121094,175.32,True,5.63,0.8699,8.099,32.47,0,contact_no_grasp,,-
randomized,randomized,1000,in_distribution,3,1142,38.03333282470703,4.97,False,,,,,0,no_departure,,-
randomized,randomized,1000,in_distribution,4,1142,38.03333282470703,188.63,True,9.37,0.8927,8.774,28.67,0,contact_no_grasp,,-
randomized,randomized,1000,in_distribution,5,559,18.600000381469727,127.72,True,2.87,0.8876,9.469,15.73,1,success,,-
randomized,randomized,1000,in_distribution,6,856,28.5,122.08,True,12.37,0.8456,7.689,16.13,1,success,,-
randomized,randomized,1000,in_distribution,7,1145,38.13333511352539,185.46,True,6.0,0.832,9.213,32.13,0,contact_no_grasp,,-
randomized,randomized,1000,in_distribution,8,537,17.866666793823242,119.51,True,4.37,0.9015,7.828,13.5,1,success,,-
randomized,randomized,1000,in_distribution,9,816,27.16666603088379,124.18,True,12.3,0.9853,8.605,14.87,1,success,,-
randomized,randomized,1000,in_distribution,10,1145,38.13333511352539,175.3,True,7.6,0.8367,6.606,30.53,0,contact_no_grasp,,-
randomized,randomized,1000,in_distribution,11,1144,38.099998474121094,149.54,True,4.7,0.8873,11.952,33.4,0,timeout_other,,-
randomized,randomized,1000,in_distribution,12,489,16.266666412353516,126.25,True,2.57,1.0051,7.768,13.7,1,success,,-
randomized,randomized,1000,in_distribution,13,1142,38.03333282470703,182.98,True,1.83,0.882,9.367,36.2,0,timeout_other,,-
randomized,randomized,1000,in_distribution,14,1146,38.16666793823242,188.34,True,8.4,0.8568,8.465,29.77,0,timeout_other,,-
randomized,randomized,1000,in_distribution,15,1144,38.099998474121094,185.52,True,6.47,0.894,10.492,31.63,0,timeout_other,,-
randomized,randomized,1000,new_positions,1,1143,38.06666564941406,6.63,False,,,,,0,no_departure,,E1
randomized,randomized,1000,new_positions,2,1129,37.599998474121094,10.12,False,,,,,0,no_departure,,E1
randomized,randomized,1000,new_positions,3,1138,37.900001525878906,130.38,True,5.5,0.8424,7.235,32.4,0,timeout_other,,E1
randomized,randomized,1000,new_positions,4,1144,38.099998474121094,103.49,True,13.83,0.8401,6.475,24.27,0,timeout_other,,E2
randomized,randomized,1000,new_positions,5,1150,38.29999923706055,109.49,True,15.97,0.8123,13.128,22.33,0,timeout_other,,E2
randomized,randomized,1000,new_positions,6,1151,38.33333206176758,92.11,True,25.87,0.9372,6.023,12.47,0,timeout_other,,E2
randomized,randomized,1000,new_positions,7,1151,38.33333206176758,9.62,False,,,,,0,no_departure,,E3
randomized,randomized,1000,new_positions,8,1150,38.29999923706055,136.42,True,28.27,0.9593,11.31,10.03,0,timeout_other,,E3
randomized,randomized,1000,new_positions,9,1151,38.33333206176758,167.43,True,13.63,0.7717,7.808,24.7,0,timeout_other,,E3
randomized,randomized,1000,new_positions,10,1147,38.20000076293945,143.94,True,19.93,0.826,8.567,18.27,0,timeout_other,,E4
randomized,randomized,1000,new_positions,11,1146,38.16666793823242,8.18,False,,,,,0,no_departure,,E4
randomized,randomized,1000,new_positions,12,1151,38.33333206176758,164.31,True,10.67,0.9203,20.458,27.67,0,timeout_other,,E4
randomized,randomized,1000,new_positions,13,1149,38.266666412353516,162.84,True,4.8,0.9395,10.011,33.47,0,timeout_other,,E5
randomized,randomized,1000,new_positions,14,1132,37.70000076293945,13.01,False,,,,,0,no_departure,,E5
randomized,randomized,1000,new_positions,15,1127,37.53333282470703,7.73,False,,,,,0,no_departure,,E5
randomized,randomized,1000,reduced_lighting,1,1151,38.33333206176758,139.86,True,3.8,0.8813,9.049,34.53,0,contact_no_grasp,,-
randomized,randomized,1000,reduced_lighting,2,1151,38.33333206176758,158.97,True,4.77,0.8177,8.401,33.57,0,timeout_other,,-
randomized,randomized,1000,reduced_lighting,3,603,20.066667556762695,123.8,True,6.07,0.9433,7.066,14.0,1,success,,-
randomized,randomized,1000,reduced_lighting,4,501,16.66666603088379,125.16,True,2.3,0.8435,6.363,14.37,1,success,,-
randomized,randomized,1000,reduced_lighting,5,951,31.66666603088379,124.57,True,17.33,0.9293,7.704,14.33,1,success,,-
randomized,randomized,1000,reduced_lighting,6,1151,38.33333206176758,157.7,True,7.27,0.8732,15.405,31.07,0,contact_no_grasp,,-
randomized,randomized,1000,reduced_lighting,7,1151,38.33333206176758,182.33,True,5.5,0.7821,9.341,32.83,0,timeout_other,,-
randomized,randomized,1000,reduced_lighting,8,1151,38.33333206176758,163.49,True,4.77,0.8778,10.653,33.57,0,timeout_other,,-
randomized,randomized,1000,reduced_lighting,9,483,16.066667556762695,122.69,True,2.5,0.8739,9.265,13.57,1,success,,-
randomized,randomized,1000,reduced_lighting,10,1151,38.33333206176758,189.2,True,10.63,0.9051,8.344,27.7,0,contact_no_grasp,,-
randomized,randomized,1000,reduced_lighting,11,1149,38.266666412353516,170.7,True,11.53,0.782,9.489,26.73,0,contact_no_grasp,,-
randomized,randomized,1000,reduced_lighting,12,1147,38.20000076293945,170.61,True,7.17,0.8248,10.387,31.03,0,timeout_other,,-
randomized,randomized,1000,reduced_lighting,13,564,18.766666412353516,121.51,True,2.53,0.864,7.441,16.23,1,success,,-
randomized,randomized,1000,reduced_lighting,14,1150,38.29999923706055,171.9,True,3.17,0.7568,12.084,35.13,0,grasp_drop,,-
randomized,randomized,1000,reduced_lighting,15,1151,38.33333206176758,183.66,True,2.67,0.8158,8.156,35.67,0,timeout_other,,-
randomized-seed2000,randomized,2000,different_object,1,954,31.766666412353516,127.7,True,17.27,0.9432,11.504,14.5,1,success,,-
randomized-seed2000,randomized,2000,different_object,2,1151,38.33333206176758,5.84,False,,,,,0,no_departure,,-
randomized-seed2000,randomized,2000,different_object,3,1151,38.33333206176758,94.83,True,35.67,1.0902,9.036,2.67,0,timeout_other,,-
randomized-seed2000,randomized,2000,different_object,4,1151,38.33333206176758,5.4,False,,,,,0,no_departure,,-
randomized-seed2000,randomized,2000,different_object,5,1151,38.33333206176758,6.43,False,,,,,0,no_departure,,-
randomized-seed2000,randomized,2000,different_object,6,1151,38.33333206176758,5.19,False,,,,,0,no_departure,,-
randomized-seed2000,randomized,2000,different_object,7,1151,38.33333206176758,163.23,True,17.3,0.9462,16.85,21.03,0,timeout_other,,-
randomized-seed2000,randomized,2000,different_object,8,1149,38.266666412353516,86.7,True,36.0,1.1807,8.713,2.27,0,timeout_other,,-
randomized-seed2000,randomized,2000,different_object,9,1151,38.33333206176758,15.29,False,,,,,0,no_departure,,-
randomized-seed2000,randomized,2000,different_object,10,1151,38.33333206176758,9.82,False,,,,,0,no_departure,,-
randomized-seed2000,randomized,2000,different_object,11,505,16.799999237060547,121.78,True,2.4,0.9337,7.453,14.4,1,success,,-
randomized-seed2000,randomized,2000,different_object,12,1149,38.266666412353516,120.83,True,30.93,0.9077,9.386,7.33,0,contact_no_grasp,,-
randomized-seed2000,randomized,2000,different_object,13,1148,38.233333587646484,93.4,True,35.93,1.4831,13.654,2.3,0,timeout_other,,-
randomized-seed2000,randomized,2000,different_object,14,1150,38.29999923706055,6.67,False,,,,,0,no_departure,,-
randomized-seed2000,randomized,2000,different_object,15,1149,38.266666412353516,6.22,False,,,,,0,no_departure,,-
randomized-seed2000,randomized,2000,distractors,1,1149,38.266666412353516,186.58,True,2.7,0.828,10.1,35.57,0,timeout_other,,-
randomized-seed2000,randomized,2000,distractors,2,1150,38.29999923706055,186.75,True,2.83,0.8502,10.833,35.47,0,timeout_other,,-
randomized-seed2000,randomized,2000,distractors,3,1150,38.29999923706055,187.73,True,2.33,0.8295,25.519,35.97,0,timeout_other,,-
randomized-seed2000,randomized,2000,distractors,4,1151,38.33333206176758,190.62,True,3.93,0.7999,7.364,34.4,0,timeout_other,,-
randomized-seed2000,randomized,2000,distractors,5,1151,38.33333206176758,184.76,True,2.9,0.7621,13.05,35.43,0,contact_no_grasp,,-
randomized-seed2000,randomized,2000,distractors,6,1151,38.33333206176758,194.36,True,1.73,0.7703,10.82,36.6,0,contact_no_grasp,,-
randomized-seed2000,randomized,2000,distractors,7,1150,38.29999923706055,191.91,True,4.73,0.8612,10.952,33.57,0,timeout_other,,-
randomized-seed2000,randomized,2000,distractors,8,1151,38.33333206176758,193.12,True,5.17,0.7766,6.886,33.17,0,contact_no_grasp,,-
randomized-seed2000,randomized,2000,distractors,9,1151,38.33333206176758,183.86,True,3.87,0.7347,9.808,34.47,0,contact_no_grasp,,-
randomized-seed2000,randomized,2000,distractors,10,1151,38.33333206176758,193.46,True,1.8,0.8018,10.456,36.53,0,contact_no_grasp,,-
randomized-seed2000,randomized,2000,distractors,11,1150,38.29999923706055,186.14,True,1.0,0.8358,14.591,37.3,0,timeout_other,,-
randomized-seed2000,randomized,2000,distractors,12,1150,38.29999923706055,182.15,True,4.7,0.7584,8.212,33.6,0,timeout_other,,-
randomized-seed2000,randomized,2000,distractors,13,1149,38.266666412353516,187.74,True,2.2,0.7806,8.371,36.07,0,timeout_other,,-
randomized-seed2000,randomized,2000,distractors,14,1150,38.29999923706055,178.54,True,2.0,0.7684,6.556,36.3,0,timeout_other,,-
randomized-seed2000,randomized,2000,distractors,15,1149,38.266666412353516,181.74,True,4.77,0.8254,12.248,33.5,0,timeout_other,,-
randomized-seed2000,randomized,2000,in_distribution,1,1148,38.233333587646484,139.4,True,10.47,0.7897,9.245,27.77,0,contact_no_grasp,,-
randomized-seed2000,randomized,2000,in_distribution,2,1151,38.33333206176758,140.41,True,28.33,0.9377,6.723,10.0,0,contact_no_grasp,,-
randomized-seed2000,randomized,2000,in_distribution,3,848,28.233333587646484,120.61,True,14.33,0.9111,7.854,13.9,1,success,,-
randomized-seed2000,randomized,2000,in_distribution,4,553,18.399999618530273,124.4,True,2.53,0.9084,6.216,15.87,1,success,,-
randomized-seed2000,randomized,2000,in_distribution,5,1150,38.29999923706055,142.84,True,8.77,0.9045,8.991,29.53,0,contact_no_grasp,,-
randomized-seed2000,randomized,2000,in_distribution,6,1151,38.33333206176758,184.88,True,10.53,0.8777,10.539,27.8,0,contact_no_grasp,,-
randomized-seed2000,randomized,2000,in_distribution,7,646,21.5,131.57,True,8.13,0.958,12.211,13.37,1,success,,-
randomized-seed2000,randomized,2000,in_distribution,8,533,17.733333587646484,126.98,True,3.5,0.9507,7.558,14.23,1,success,,-
randomized-seed2000,randomized,2000,in_distribution,9,1145,38.13333511352539,183.08,True,8.5,0.8739,7.385,29.63,0,contact_no_grasp,,-
randomized-seed2000,randomized,2000,in_distribution,10,1150,38.29999923706055,159.23,True,1.83,0.8256,11.527,36.47,0,timeout_other,,-
randomized-seed2000,randomized,2000,in_distribution,11,1149,38.266666412353516,181.48,True,6.17,0.9079,8.597,32.1,0,contact_no_grasp,,-
randomized-seed2000,randomized,2000,in_distribution,12,551,18.33333396911621,124.75,True,3.0,0.8909,8.442,15.33,1,success,,-
randomized-seed2000,randomized,2000,in_distribution,13,1151,38.33333206176758,174.75,True,16.0,0.8779,11.404,22.33,0,contact_no_grasp,,-
randomized-seed2000,randomized,2000,in_distribution,14,1149,38.266666412353516,185.22,True,16.2,0.8204,8.358,22.07,0,timeout_other,,-
randomized-seed2000,randomized,2000,in_distribution,15,652,21.700000762939453,120.98,True,8.87,0.8926,6.495,12.83,1,success,,-
randomized-seed2000,randomized,2000,new_positions,1,1151,38.33333206176758,114.11,True,20.57,0.7934,8.802,17.77,0,timeout_other,,E1
randomized-seed2000,randomized,2000,new_positions,2,1150,38.29999923706055,7.22,False,,,,,0,no_departure,,E1
randomized-seed2000,randomized,2000,new_positions,3,1151,38.33333206176758,6.16,False,,,,,0,no_departure,,E1
randomized-seed2000,randomized,2000,new_positions,4,1151,38.33333206176758,10.66,False,,,,,0,no_departure,,E2
randomized-seed2000,randomized,2000,new_positions,5,1151,38.33333206176758,116.02,True,6.07,0.8891,6.807,32.27,0,timeout_other,,E2
randomized-seed2000,randomized,2000,new_positions,6,1151,38.33333206176758,120.45,True,16.07,0.8962,6.866,22.27,0,timeout_other,,E2
randomized-seed2000,randomized,2000,new_positions,7,1151,38.33333206176758,8.35,False,,,,,0,no_departure,,E3
randomized-seed2000,randomized,2000,new_positions,8,1151,38.33333206176758,123.64,True,17.73,0.7418,8.599,20.6,0,contact_no_grasp,,E3
randomized-seed2000,randomized,2000,new_positions,9,1151,38.33333206176758,15.54,False,,,,,0,no_departure,,E3
randomized-seed2000,randomized,2000,new_positions,10,1151,38.33333206176758,153.91,True,4.4,0.7554,8.291,33.93,0,timeout_other,,E4
randomized-seed2000,randomized,2000,new_positions,11,1151,38.33333206176758,9.33,False,,,,,0,no_departure,,E4
randomized-seed2000,randomized,2000,new_positions,12,1150,38.29999923706055,15.92,False,,,,,0,no_departure,,E4
randomized-seed2000,randomized,2000,new_positions,13,1151,38.33333206176758,161.28,True,18.27,0.959,9.06,20.07,0,timeout_other,,E5
randomized-seed2000,randomized,2000,new_positions,14,1151,38.33333206176758,152.06,True,20.9,0.8557,6.668,17.43,0,timeout_other,,E5
randomized-seed2000,randomized,2000,new_positions,15,1151,38.33333206176758,8.23,False,,,,,0,no_departure,,E5
randomized-seed2000,randomized,2000,reduced_lighting,1,851,28.33333396911621,122.44,True,12.67,0.84,8.401,15.67,1,success_after_missed_grasp,,-
randomized-seed2000,randomized,2000,reduced_lighting,2,1151,38.33333206176758,133.92,True,25.5,0.9073,9.635,12.83,0,contact_no_grasp,,-
randomized-seed2000,randomized,2000,reduced_lighting,3,1151,38.33333206176758,178.71,True,5.97,0.908,10.441,32.37,0,timeout_other,,-
randomized-seed2000,randomized,2000,reduced_lighting,4,1151,38.33333206176758,123.18,True,32.5,0.8708,14.265,5.83,0,timeout_other,,-
randomized-seed2000,randomized,2000,reduced_lighting,5,551,18.33333396911621,121.97,True,5.4,0.9305,7.802,12.93,1,success,,-
randomized-seed2000,randomized,2000,reduced_lighting,6,555,18.46666717529297,122.33,True,2.2,0.8335,7.899,16.27,1,success,,-
randomized-seed2000,randomized,2000,reduced_lighting,7,1151,38.33333206176758,7.04,False,,,,,0,no_departure,,-
randomized-seed2000,randomized,2000,reduced_lighting,8,1151,38.33333206176758,186.79,True,7.47,0.8584,7.68,30.87,0,contact_no_grasp,,-
randomized-seed2000,randomized,2000,reduced_lighting,9,888,29.566667556762695,128.26,True,15.8,0.9251,11.19,13.77,1,success,,-
randomized-seed2000,randomized,2000,reduced_lighting,10,1151,38.33333206176758,165.63,True,19.53,0.8235,15.018,18.8,0,contact_no_grasp,,-
randomized-seed2000,randomized,2000,reduced_lighting,11,951,31.66666603088379,121.87,True,13.87,0.8166,8.259,17.8,1,success,,-
randomized-seed2000,randomized,2000,reduced_lighting,12,1151,38.33333206176758,131.47,True,28.2,0.7946,10.404,10.13,0,grasp_drop,,-
randomized-seed2000,randomized,2000,reduced_lighting,13,1151,38.33333206176758,177.0,True,4.27,0.8186,8.123,34.07,0,contact_no_grasp,,-
randomized-seed2000,randomized,2000,reduced_lighting,14,1150,38.29999923706055,10.1,False,,,,,0,no_departure,,-
randomized-seed2000,randomized,2000,reduced_lighting,15,1148,38.233333587646484,176.84,True,17.83,0.893,11.897,20.4,0,contact_no_grasp,,-
recovery,recovery,1000,different_object,1,1146,38.16666793823242,182.65,True,8.3,0.745,9.53,29.87,0,deliberate_drop,Failed,-
recovery,recovery,1000,different_object,2,771,25.66666603088379,130.26,True,13.43,0.968,10.37,12.23,1,success,,-
recovery,recovery,1000,different_object,3,513,17.066667556762695,156.31,True,3.27,0.9611,9.018,13.8,1,success,,-
recovery,recovery,1000,different_object,4,1151,38.33333206176758,127.85,True,16.07,0.8013,9.549,22.27,0,deliberate_drop,Failed,-
recovery,recovery,1000,different_object,5,483,16.066667556762695,137.99,True,2.37,0.9881,10.675,13.7,1,success,,-
recovery,recovery,1000,different_object,6,448,14.899999618530273,140.7,True,1.97,0.9118,10.225,12.93,1,success,,-
recovery,recovery,1000,different_object,7,1151,38.33333206176758,142.11,True,4.4,0.8911,14.609,33.93,1,success,,-
recovery,recovery,1000,different_object,8,599,19.933332443237305,143.97,True,5.7,0.9091,8.521,14.23,1,success,,-
recovery,recovery,1000,different_object,9,563,18.733333587646484,128.26,True,3.8,0.8763,8.332,14.93,1,success,,-
recovery,recovery,1000,different_object,10,717,23.866666793823242,139.62,True,10.6,0.9284,12.903,13.27,1,success,,-
recovery,recovery,1000,different_object,11,551,18.33333396911621,138.52,True,5.3,0.8856,8.1,13.03,1,success,,-
recovery,recovery,1000,different_object,12,598,19.899999618530273,139.4,True,5.2,0.8642,7.545,14.7,1,success,,-
recovery,recovery,1000,different_object,13,1151,38.33333206176758,133.88,True,3.2,0.7027,8.411,35.13,0,deliberate_drop,Failed,-
recovery,recovery,1000,different_object,14,1145,38.13333511352539,172.59,True,4.33,0.8467,13.03,33.8,0,deliberate_drop,Failed,-
recovery,recovery,1000,different_object,15,654,21.766666412353516,132.94,True,7.03,0.9324,9.905,14.73,1,success,,-
recovery,recovery,1000,distractors,1,474,15.766666412353516,136.33,True,4.0,0.9218,9.518,11.77,1,success,,-
recovery,recovery,1000,distractors,2,442,14.699999809265137,146.25,True,1.67,0.9195,9.81,13.03,1,success,,-
recovery,recovery,1000,distractors,3,485,16.133333206176758,141.54,True,3.97,0.8318,8.628,12.17,1,success,,-
recovery,recovery,1000,distractors,4,451,15.0,135.7,True,1.7,0.9169,9.75,13.3,1,success,,-
recovery,recovery,1000,distractors,5,433,14.399999618530273,145.96,True,1.27,0.9165,10.999,13.13,1,success,,-
recovery,recovery,1000,distractors,6,1151,38.33333206176758,184.37,True,1.83,0.7007,9.7,36.5,0,contact_no_grasp,,-
recovery,recovery,1000,distractors,7,419,13.933333396911621,144.83,True,1.27,0.897,7.728,12.67,1,success,,-
recovery,recovery,1000,distractors,8,394,13.100000381469727,149.23,True,0.87,0.9529,8.93,12.23,1,success,,-
recovery,recovery,1000,distractors,9,1151,38.33333206176758,181.15,True,1.63,0.6941,11.181,36.7,0,contact_no_grasp,,-
recovery,recovery,1000,distractors,10,416,13.833333015441895,147.73,True,1.4,0.9437,7.142,12.43,1,success,,-
recovery,recovery,1000,distractors,11,1001,33.33333206176758,144.02,True,18.8,0.8409,7.475,14.53,1,success,,-
recovery,recovery,1000,distractors,12,498,16.566667556762695,151.4,True,4.1,0.9199,8.212,12.47,1,success,,-
recovery,recovery,1000,distractors,13,586,19.5,152.48,True,5.33,0.8723,8.06,14.17,1,success,,-
recovery,recovery,1000,distractors,14,381,12.666666984558105,144.74,True,0.77,0.9188,9.176,11.9,1,success,,-
recovery,recovery,1000,distractors,15,601,20.0,139.13,True,1.1,0.8933,8.4,18.9,1,success,,-
recovery,recovery,1000,in_distribution,1,1142,38.03333282470703,123.65,True,2.7,0.9701,14.071,35.33,0,deliberate_drop,Failed,-
recovery,recovery,1000,in_distribution,2,489,16.266666412353516,135.96,True,2.3,0.9117,9.895,13.97,1,success,,-
recovery,recovery,1000,in_distribution,3,427,14.199999809265137,135.0,True,1.23,0.9204,8.347,12.97,1,success,,-
recovery,recovery,1000,in_distribution,4,1147,38.20000076293945,167.27,True,6.73,0.8714,7.986,31.47,0,deliberate_drop,Failed,-
recovery,recovery,1000,in_distribution,5,1146,38.16666793823242,188.98,True,0.57,0.71,10.409,37.6,0,deliberate_drop,Failed,-
recovery,recovery,1000,in_distribution,6,1148,38.233333587646484,142.5,True,11.6,0.8343,9.824,26.63,0,deliberate_drop,Failed,-
recovery,recovery,1000,in_distribution,7,1146,38.16666793823242,139.75,True,1.27,0.8329,12.207,36.9,0,grasp_drop,,-
recovery,recovery,1000,in_distribution,8,398,13.233333587646484,137.91,True,1.3,0.9495,8.319,11.93,1,success,,-
recovery,recovery,1000,in_distribution,9,459,15.266666412353516,129.67,True,1.17,0.8811,10.048,14.1,1,success,,-
recovery,recovery,1000,in_distribution,10,451,15.0,130.46,True,1.07,0.92,10.269,13.93,1,success,,-
recovery,recovery,1000,in_distribution,11,499,16.600000381469727,137.36,True,3.23,0.9475,21.227,13.37,1,success,,-
recovery,recovery,1000,in_distribution,12,1144,38.099998474121094,128.3,True,1.27,0.6936,13.583,36.83,0,deliberate_drop,Failed,-
recovery,recovery,1000,in_distribution,13,1143,38.06666564941406,130.98,True,1.37,0.7365,13.734,36.7,0,deliberate_drop,Failed,-
recovery,recovery,1000,in_distribution,14,418,13.899999618530273,139.38,True,1.5,0.8799,10.965,12.4,1,success,,-
recovery,recovery,1000,in_distribution,15,442,14.699999809265137,132.04,True,1.37,0.9256,9.927,13.33,1,success,,-
recovery,recovery,1000,new_positions,1,1151,38.33333206176758,177.21,True,2.43,0.8154,8.612,35.9,0,timeout_other,,E1
recovery,recovery,1000,new_positions,2,1151,38.33333206176758,11.06,False,,,,,0,no_departure,,E1
recovery,recovery,1000,new_positions,3,1151,38.33333206176758,175.3,True,12.07,0.8966,11.72,26.27,0,timeout_other,,E1
recovery,recovery,1000,new_positions,4,1151,38.33333206176758,8.48,False,,,,,0,no_departure,,E2
recovery,recovery,1000,new_positions,5,1151,38.33333206176758,8.51,False,,,,,0,no_departure,,E2
recovery,recovery,1000,new_positions,6,1151,38.33333206176758,172.92,True,4.1,0.8382,10.429,34.23,0,timeout_other,,E2
recovery,recovery,1000,new_positions,7,1151,38.33333206176758,172.09,True,2.2,0.7935,12.332,36.13,0,timeout_other,,E3
recovery,recovery,1000,new_positions,8,1151,38.33333206176758,167.29,True,5.63,0.7597,8.57,32.7,0,contact_no_grasp,,E3
recovery,recovery,1000,new_positions,9,1151,38.33333206176758,161.19,True,4.17,0.706,8.386,34.17,0,contact_no_grasp,,E3
recovery,recovery,1000,new_positions,10,1151,38.33333206176758,162.54,True,15.4,0.7516,8.117,22.93,0,timeout_other,,E4
recovery,recovery,1000,new_positions,11,1151,38.33333206176758,172.14,True,2.83,0.7405,12.418,35.5,0,timeout_other,,E4
recovery,recovery,1000,new_positions,12,1150,38.29999923706055,169.75,True,10.2,0.7699,9.788,28.1,0,timeout_other,,E4
recovery,recovery,1000,new_positions,13,1150,38.29999923706055,183.6,True,3.87,0.8885,12.045,34.43,0,timeout_other,,E5
recovery,recovery,1000,new_positions,14,1137,37.86666488647461,184.89,True,3.7,0.8303,8.486,34.17,0,timeout_other,,E5
recovery,recovery,1000,new_positions,15,1135,37.79999923706055,179.89,True,1.33,0.811,9.19,36.47,0,timeout_other,,E5
recovery,recovery,1000,reduced_lighting,1,1151,38.33333206176758,184.72,True,2.3,0.8444,8.513,36.03,0,deliberate_drop,Failed,-
recovery,recovery,1000,reduced_lighting,2,1150,38.29999923706055,185.98,True,0.97,0.8256,9.293,37.33,0,deliberate_drop,Failed,-
recovery,recovery,1000,reduced_lighting,3,1151,38.33333206176758,127.94,True,7.63,0.8786,8.519,30.7,0,deliberate_drop,Failed,-
recovery,recovery,1000,reduced_lighting,4,1151,38.33333206176758,191.94,True,1.83,0.8525,12.191,36.5,0,grasp_drop,,-
recovery,recovery,1000,reduced_lighting,5,459,15.266666412353516,139.42,True,2.1,0.9161,9.051,13.17,1,success,,-
recovery,recovery,1000,reduced_lighting,6,1151,38.33333206176758,130.68,True,1.03,0.801,9.121,37.3,0,deliberate_drop,Failed,-
recovery,recovery,1000,reduced_lighting,7,479,15.933333396911621,137.67,True,4.0,0.9776,8.374,11.93,1,success,,-
recovery,recovery,1000,reduced_lighting,8,410,13.633333206176758,137.4,True,1.3,0.9597,9.856,12.33,1,success,,-
recovery,recovery,1000,reduced_lighting,9,1144,38.099998474121094,130.89,True,4.33,0.8094,8.975,33.77,0,deliberate_drop,Failed,-
recovery,recovery,1000,reduced_lighting,10,1127,37.53333282470703,151.82,True,5.5,0.7906,9.515,32.03,0,deliberate_drop,Failed,-
recovery,recovery,1000,reduced_lighting,11,502,16.700000762939453,132.93,True,5.3,0.942,7.982,11.4,1,success,,-
recovery,recovery,1000,reduced_lighting,12,582,19.366666793823242,129.61,True,4.03,0.8527,7.398,15.33,1,success,,-
recovery,recovery,1000,reduced_lighting,13,504,16.766666412353516,129.39,True,3.97,0.9547,11.186,12.8,1,success,,-
recovery,recovery,1000,reduced_lighting,14,1149,38.266666412353516,131.69,True,1.2,0.8592,10.851,37.07,0,deliberate_drop,Failed,-
recovery,recovery,1000,reduced_lighting,15,643,21.399999618530273,141.67,True,5.43,0.8816,8.04,15.97,1,success,,-
recovery-seed2000,recovery,2000,different_object,1,1151,38.33333206176758,130.01,True,17.17,0.8289,7.573,21.17,0,grasp_drop,,-
recovery-seed2000,recovery,2000,different_object,2,877,29.200000762939453,151.97,True,5.7,0.8352,12.062,23.5,1,success_after_drop,Succeeded,-
recovery-seed2000,recovery,2000,different_object,3,482,16.03333282470703,134.67,True,2.23,0.9054,8.467,13.8,1,success,,-
recovery-seed2000,recovery,2000,different_object,4,1151,38.33333206176758,135.56,True,2.23,0.7622,11.204,36.1,0,grasp_drop,,-
recovery-seed2000,recovery,2000,different_object,5,801,26.66666603088379,129.89,True,6.97,0.899,8.487,19.7,1,success,,-
recovery-seed2000,recovery,2000,different_object,6,1144,38.099998474121094,143.34,True,8.97,0.8165,8.394,29.13,1,success,,-
recovery-seed2000,recovery,2000,different_object,7,1150,38.29999923706055,165.84,True,2.73,0.8596,7.752,35.57,0,deliberate_drop,Failed,-
recovery-seed2000,recovery,2000,different_object,8,1148,38.233333587646484,134.36,True,13.6,0.8278,8.623,24.63,0,deliberate_drop,Failed,-
recovery-seed2000,recovery,2000,different_object,9,1151,38.33333206176758,126.93,True,10.23,0.8249,13.767,28.1,0,deliberate_drop,Failed,-
recovery-seed2000,recovery,2000,different_object,10,1149,38.266666412353516,131.17,True,3.63,0.766,10.05,34.63,0,deliberate_drop,Failed,-
recovery-seed2000,recovery,2000,different_object,11,1150,38.29999923706055,133.84,True,3.07,0.7165,9.782,35.23,0,deliberate_drop,Failed,-
recovery-seed2000,recovery,2000,different_object,12,1149,38.266666412353516,139.9,True,6.17,0.7757,11.437,32.1,0,deliberate_drop,Failed,-
recovery-seed2000,recovery,2000,different_object,13,1147,38.20000076293945,132.12,True,1.97,0.6419,7.876,36.23,0,deliberate_drop,Failed,-
recovery-seed2000,recovery,2000,different_object,14,951,31.66666603088379,139.98,True,19.07,0.9628,8.089,12.6,1,success,,-
recovery-seed2000,recovery,2000,different_object,15,1148,38.233333587646484,128.95,True,11.33,0.7858,9.893,26.9,0,deliberate_drop,Failed,-
recovery-seed2000,recovery,2000,distractors,1,569,18.933332443237305,130.76,True,3.1,0.8694,9.568,15.83,1,success,,-
recovery-seed2000,recovery,2000,distractors,2,439,14.600000381469727,151.77,True,0.8,0.9147,8.28,13.8,1,success,,-
recovery-seed2000,recovery,2000,distractors,3,451,15.0,140.08,True,1.97,0.8898,9.754,13.03,1,success,,-
recovery-seed2000,recovery,2000,distractors,4,917,30.53333282470703,137.71,True,8.7,0.8887,9.937,21.83,1,success,,-
recovery-seed2000,recovery,2000,distractors,5,626,20.83333396911621,130.48,True,1.63,0.8999,14.064,19.2,1,success,,-
recovery-seed2000,recovery,2000,distractors,6,1150,38.29999923706055,183.98,True,3.03,0.7476,9.231,35.27,0,contact_no_grasp,,-
recovery-seed2000,recovery,2000,distractors,7,419,13.933333396911621,128.65,True,1.27,0.8793,8.772,12.67,1,success,,-
recovery-seed2000,recovery,2000,distractors,8,1151,38.33333206176758,179.56,True,3.3,0.7504,11.317,35.03,0,deliberate_drop,Failed,-
recovery-seed2000,recovery,2000,distractors,9,442,14.699999809265137,132.03,True,1.13,0.848,7.909,13.57,1,success,,-
recovery-seed2000,recovery,2000,distractors,10,451,15.0,131.62,True,2.3,0.8219,7.646,12.7,1,success,,-
recovery-seed2000,recovery,2000,distractors,11,695,23.133333206176758,150.93,True,3.17,0.9524,8.478,19.97,1,success,,-
recovery-seed2000,recovery,2000,distractors,12,435,14.466666221618652,132.96,True,1.1,0.9181,8.755,13.37,1,success,,-
recovery-seed2000,recovery,2000,distractors,13,447,14.866666793823242,136.87,True,1.87,0.8816,8.114,13.0,1,success,,-
recovery-seed2000,recovery,2000,distractors,14,451,15.0,140.09,True,1.4,0.8976,8.656,13.6,1,success,,-
recovery-seed2000,recovery,2000,distractors,15,1151,38.33333206176758,184.69,True,1.97,0.7293,9.919,36.37,0,deliberate_drop,Succeeded,-
recovery-seed2000,recovery,2000,in_distribution,1,752,25.03333282470703,134.14,True,2.43,0.7726,8.017,22.6,1,success_after_drop,Succeeded,-
recovery-seed2000,recovery,2000,in_distribution,2,1150,38.29999923706055,133.04,True,0.93,0.6993,7.644,37.37,0,deliberate_drop,Failed,-
recovery-seed2000,recovery,2000,in_distribution,3,475,15.800000190734863,139.7,True,0.83,0.8329,6.967,14.97,1,success_after_missed_grasp,,-
recovery-seed2000,recovery,2000,in_distribution,4,451,15.0,131.22,True,2.3,0.9083,10.027,12.7,1,success,,-
recovery-seed2000,recovery,2000,in_distribution,5,747,24.866666793823242,127.88,True,2.6,0.7694,10.6,22.27,1,success_after_drop,Succeeded,-
recovery-seed2000,recovery,2000,in_distribution,6,426,14.166666984558105,128.95,True,1.6,0.9551,10.378,12.57,1,success,,-
recovery-seed2000,recovery,2000,in_distribution,7,482,16.03333282470703,129.42,True,3.0,0.8851,7.148,13.03,1,success,,-
recovery-seed2000,recovery,2000,in_distribution,8,1151,38.33333206176758,134.77,True,0.6,0.7071,8.337,37.73,0,deliberate_drop,Failed,-
recovery-seed2000,recovery,2000,in_distribution,9,406,13.5,138.59,True,2.07,0.9308,11.358,11.43,1,success,,-
recovery-seed2000,recovery,2000,in_distribution,10,1008,33.56666564941406,141.19,True,1.5,0.7686,12.888,32.07,1,success_after_missed_grasp,,-
recovery-seed2000,recovery,2000,in_distribution,11,1151,38.33333206176758,128.17,True,1.53,0.6986,8.213,36.8,0,deliberate_drop,Failed,-
recovery-seed2000,recovery,2000,in_distribution,12,1150,38.29999923706055,126.72,True,0.9,0.7328,9.404,37.4,0,deliberate_drop,Failed,-
recovery-seed2000,recovery,2000,in_distribution,13,1150,38.29999923706055,184.47,True,0.93,0.6714,9.041,37.37,0,deliberate_drop,Failed,-
recovery-seed2000,recovery,2000,in_distribution,14,1149,38.266666412353516,130.46,True,0.5,0.7004,9.263,37.77,0,deliberate_drop,Succeeded,-
recovery-seed2000,recovery,2000,in_distribution,15,444,14.766666412353516,126.69,True,1.0,0.8748,10.555,13.77,1,success,,-
recovery-seed2000,recovery,2000,new_positions,1,1151,38.33333206176758,11.35,False,,,,,0,no_departure,,E1
recovery-seed2000,recovery,2000,new_positions,2,1150,38.29999923706055,130.57,True,32.27,0.8204,6.021,6.03,0,timeout_other,,E1
recovery-seed2000,recovery,2000,new_positions,3,1150,38.29999923706055,152.31,True,19.9,0.726,9.841,18.4,0,timeout_other,,E1
recovery-seed2000,recovery,2000,new_positions,4,1151,38.33333206176758,12.35,False,,,,,0,no_departure,,E2
recovery-seed2000,recovery,2000,new_positions,5,1151,38.33333206176758,9.08,False,,,,,0,no_departure,,E2
recovery-seed2000,recovery,2000,new_positions,6,1151,38.33333206176758,8.95,False,,,,,0,no_departure,,E2
recovery-seed2000,recovery,2000,new_positions,7,1151,38.33333206176758,172.14,True,1.93,0.7608,13.406,36.4,0,contact_no_grasp,,E3
recovery-seed2000,recovery,2000,new_positions,8,1150,38.29999923706055,162.29,True,3.27,0.7659,9.21,35.03,0,timeout_other,,E3
recovery-seed2000,recovery,2000,new_positions,9,1149,38.266666412353516,173.11,True,2.6,0.7642,7.91,35.67,0,contact_no_grasp,,E3
recovery-seed2000,recovery,2000,new_positions,10,1151,38.33333206176758,175.32,True,3.43,0.8188,7.55,34.9,0,timeout_other,,E4
recovery-seed2000,recovery,2000,new_positions,11,1149,38.266666412353516,150.37,True,23.7,0.7774,7.732,14.57,0,timeout_other,,E4
recovery-seed2000,recovery,2000,new_positions,12,1150,38.29999923706055,9.54,False,,,,,0,no_departure,,E4
recovery-seed2000,recovery,2000,new_positions,13,1143,38.06666564941406,175.53,True,0.83,0.7975,9.2,37.23,0,timeout_other,,E5
recovery-seed2000,recovery,2000,new_positions,14,1136,37.83333206176758,179.83,True,5.0,0.7925,8.754,32.83,0,timeout_other,,E5
recovery-seed2000,recovery,2000,new_positions,15,1139,37.93333435058594,163.61,True,18.73,0.7898,7.288,19.2,0,timeout_other,,E5
recovery-seed2000,recovery,2000,reduced_lighting,1,712,23.700000762939453,149.85,True,0.83,0.8598,8.689,22.87,1,success_after_missed_grasp,,-
recovery-seed2000,recovery,2000,reduced_lighting,2,401,13.333333015441895,131.69,True,0.67,0.9556,8.987,12.67,1,success,,-
recovery-seed2000,recovery,2000,reduced_lighting,3,1151,38.33333206176758,126.88,True,0.5,0.7844,10.196,37.83,0,deliberate_drop,Failed,-
recovery-seed2000,recovery,2000,reduced_lighting,4,1151,38.33333206176758,186.48,True,1.2,0.8487,10.439,37.13,0,deliberate_drop,Failed,-
recovery-seed2000,recovery,2000,reduced_lighting,5,848,28.233333587646484,131.72,True,3.73,0.7809,8.009,24.5,1,success_after_drop,Succeeded,-
recovery-seed2000,recovery,2000,reduced_lighting,6,1151,38.33333206176758,127.88,True,2.37,0.7196,12.776,35.97,0,deliberate_drop,Failed,-
recovery-seed2000,recovery,2000,reduced_lighting,7,1151,38.33333206176758,194.38,True,1.6,0.7753,10.876,36.73,0,deliberate_drop,Failed,-
recovery-seed2000,recovery,2000,reduced_lighting,8,1151,38.33333206176758,139.14,True,1.13,0.6893,8.68,37.2,0,deliberate_drop,Failed,-
recovery-seed2000,recovery,2000,reduced_lighting,9,770,25.633333206176758,135.45,True,1.5,0.7966,7.337,24.13,1,success_after_drop,Succeeded,-
recovery-seed2000,recovery,2000,reduced_lighting,10,1151,38.33333206176758,150.41,True,0.6,0.7588,8.162,37.73,0,deliberate_drop,Failed,-
recovery-seed2000,recovery,2000,reduced_lighting,11,1151,38.33333206176758,124.56,True,1.23,0.7614,8.096,37.1,0,deliberate_drop,Failed,-
recovery-seed2000,recovery,2000,reduced_lighting,12,1150,38.29999923706055,125.72,True,1.3,0.7857,10.386,37.0,0,deliberate_drop,Failed,-
recovery-seed2000,recovery,2000,reduced_lighting,13,1151,38.33333206176758,191.12,True,1.2,0.746,8.642,37.13,0,deliberate_drop,Failed,-
recovery-seed2000,recovery,2000,reduced_lighting,14,1148,38.233333587646484,144.24,True,2.7,0.697,10.782,35.53,1,success_after_drop,Succeeded,-
recovery-seed2000,recovery,2000,reduced_lighting,15,1151,38.33333206176758,128.27,True,0.97,0.7765,8.749,37.37,0,deliberate_drop,Failed,-
