policy,condition,seed,cell,episode,success,failure_mode,frames,duration_s,n_releases,n_kept,nearest_release_deg,max_travel_deg
clean,clean,1000,different_object,1,1,success,604,20.1,2,1,4.001983931385158,45.2179591630628
clean,clean,1000,different_object,2,1,success,1112,37.033,1,1,5.912503641824291,43.29463400180276
clean,clean,1000,different_object,3,1,success,701,23.333,1,1,3.231169245103292,45.75660223329541
clean,clean,1000,different_object,4,1,success,648,21.567,2,1,1.53241890870898,47.43247173661088
clean,clean,1000,different_object,5,1,success,667,22.2,1,1,1.6901640432845646,46.62115470114454
clean,clean,1000,different_object,6,1,success,563,18.733,1,1,3.194822606647218,45.838459060420604
clean,clean,1000,different_object,7,1,success,759,25.267,1,1,2.7537582295519023,46.983056135866335
clean,clean,1000,different_object,8,1,success,601,20.0,1,1,2.3421890862420263,46.65150568206734
clean,clean,1000,different_object,9,1,success,435,14.467,1,1,3.033357776269451,45.80284514414346
clean,clean,1000,different_object,10,1,success,1151,38.333,1,1,4.208000079432448,45.41496735128567
clean,clean,1000,different_object,11,1,success,501,16.667,1,1,2.34121936009905,46.75646768190146
clean,clean,1000,different_object,12,1,success,684,22.767,1,1,3.7629174900916986,45.34029481989512
clean,clean,1000,different_object,13,1,success,451,15.0,1,1,3.2937310548499816,45.584967942750325
clean,clean,1000,different_object,14,1,success,471,15.667,1,1,1.7062730760776397,47.55191630691992
clean,clean,1000,different_object,15,1,success,754,25.1,1,1,5.259024009652361,44.90300622350951
clean,clean,1000,distractors,1,1,success,451,15.0,1,1,3.1849281434458057,45.8764194968609
clean,clean,1000,distractors,2,1,success,441,14.667,1,1,2.033416341659663,46.897792602906755
clean,clean,1000,distractors,3,1,success,603,20.067,1,1,1.1113026667862265,47.66124569277858
clean,clean,1000,distractors,4,1,success,451,15.0,1,1,3.5097900197250347,45.98258641761148
clean,clean,1000,distractors,5,1,success,478,15.9,1,1,1.8956681904018886,47.34196697858375
clean,clean,1000,distractors,6,1,success,857,28.533,1,1,2.6122143964882163,46.514600613612984
clean,clean,1000,distractors,7,1,success,651,21.667,1,1,1.7849891483815448,46.90653642090865
clean,clean,1000,distractors,8,0,cube_out_of_bounds,408,13.567,0,0,,
clean,clean,1000,distractors,9,1,success,548,18.233,1,1,2.0697159411610393,47.16500462182397
clean,clean,1000,distractors,10,0,contact_no_grasp,1149,38.267,6,0,46.85829990737068,2.6105751445231107
clean,clean,1000,distractors,11,1,success,413,13.733,1,1,2.518635823690712,45.83422374530733
clean,clean,1000,distractors,12,1,success,490,16.3,1,1,1.324792581058606,48.03748496273006
clean,clean,1000,distractors,13,1,success,601,20.0,2,1,1.0407297612165642,47.499234486850106
clean,clean,1000,distractors,14,1,success,455,15.133,1,1,3.5941760952604547,46.26139353886145
clean,clean,1000,distractors,15,1,success,551,18.333,1,1,1.9267555118847532,48.0690788575712
clean,clean,1000,in_distribution,1,1,success,472,15.7,1,1,3.5474627948654422,46.120757919461525
clean,clean,1000,in_distribution,2,1,success,451,15.0,1,1,2.621578766854004,46.340737400291495
clean,clean,1000,in_distribution,3,1,success,472,15.7,1,1,2.4054148689261687,47.989130726492355
clean,clean,1000,in_distribution,4,1,success,419,13.933,1,1,1.5530672006302915,47.194071077445436
clean,clean,1000,in_distribution,5,1,success,451,15.0,1,1,2.002761416721892,47.73994186398626
clean,clean,1000,in_distribution,6,1,success,801,26.667,2,1,3.5861143421016557,42.50784416282965
clean,clean,1000,in_distribution,7,1,success,460,15.3,1,1,2.53450604332917,45.47516635815413
clean,clean,1000,in_distribution,8,1,success,451,15.0,1,1,1.8281781455554302,47.09029228824099
clean,clean,1000,in_distribution,9,1,success_after_missed_grasp,458,15.233,1,1,1.2643258139864848,46.86555644541495
clean,clean,1000,in_distribution,10,1,success,611,20.333,2,1,1.8598172701607005,47.63259896936825
clean,clean,1000,in_distribution,11,1,success,451,15.0,1,1,2.502300642076978,47.69748739818186
clean,clean,1000,in_distribution,12,1,success,601,20.0,1,1,1.0794247290263392,47.941755262350455
clean,clean,1000,in_distribution,13,1,success,554,18.433,1,1,3.4795493994267126,45.796480411734876
clean,clean,1000,in_distribution,14,1,success,474,15.767,1,1,1.9877071420283663,46.78712622522036
clean,clean,1000,in_distribution,15,1,success,426,14.167,1,1,3.109928148562954,45.66193452777762
clean,clean,1000,near_1in,1,0,contact_no_grasp,1148,38.233,2,0,49.17560526126513,0.8532884473898079
clean,clean,1000,near_1in,2,0,contact_no_grasp,1149,38.267,3,0,46.10118441204895,2.63747599903796
clean,clean,1000,near_1in,3,0,contact_no_grasp,1151,38.333,2,0,51.54840753574895,3.728280411406814
clean,clean,1000,near_1in,4,0,contact_no_grasp,1146,38.167,4,0,47.25010002537395,2.295674671496208
clean,clean,1000,near_1in,5,0,timeout_other,1151,38.333,0,0,,
clean,clean,1000,near_1in,6,0,contact_no_grasp,1151,38.333,2,0,49.475051628483584,2.2431267315282355
clean,clean,1000,near_1in,7,0,no_departure,1147,38.2,0,0,,
clean,clean,1000,near_1in,8,0,contact_no_grasp,1146,38.167,1,1,29.812620890057527,20.201777583788555
clean,clean,1000,near_2in,1,0,no_departure,1148,38.233,0,0,,
clean,clean,1000,near_2in,2,0,timeout_other,1142,38.033,0,0,,
clean,clean,1000,near_2in,3,0,timeout_other,1148,38.233,2,0,46.505855111733496,3.40767013295595
clean,clean,1000,near_2in,4,0,timeout_other,1147,38.2,2,0,46.91979610387443,2.0703363682119402
clean,clean,1000,near_2in,5,0,timeout_other,1147,38.2,2,1,36.24629001749457,12.532263045556332
clean,clean,1000,near_2in,6,0,timeout_other,1151,38.333,3,0,44.85110067150518,5.308411168389853
clean,clean,1000,near_2in,7,0,timeout_other,1151,38.333,3,0,50.09029039967761,5.233438311365475
clean,clean,1000,near_2in,8,0,timeout_other,1148,38.233,3,0,44.9688011821093,3.7377081034423796
clean,clean,1000,new_positions,1,0,timeout_other,1146,38.167,2,0,46.36326375733252,2.000734997975826
clean,clean,1000,new_positions,2,0,timeout_other,1148,38.233,2,0,48.21978093858921,1.425421444175953
clean,clean,1000,new_positions,3,0,timeout_other,1144,38.1,2,0,46.980724214540686,1.5025906585465592
clean,clean,1000,new_positions,4,0,no_departure,1140,37.967,0,0,,
clean,clean,1000,new_positions,5,0,timeout_other,1143,38.067,2,0,49.879798314171865,1.0232130528507355
clean,clean,1000,new_positions,6,0,no_departure,1143,38.067,0,0,,
clean,clean,1000,new_positions,7,0,timeout_other,1139,37.933,2,0,47.29120483501666,2.3126267870926966
clean,clean,1000,new_positions,8,0,timeout_other,1143,38.067,3,0,48.803373348415704,2.394894300476203
clean,clean,1000,new_positions,9,0,timeout_other,1146,38.167,0,0,,
clean,clean,1000,new_positions,10,0,timeout_other,1148,38.233,4,0,47.59953251871998,2.9929801359210018
clean,clean,1000,new_positions,11,0,timeout_other,1145,38.133,3,1,37.72559096589453,10.58016632673696
clean,clean,1000,new_positions,12,0,timeout_other,1144,38.1,2,0,44.36009449345114,2.372663871405571
clean,clean,1000,new_positions,13,0,timeout_other,1080,35.967,1,0,47.597958522928195,1.3790030418430774
clean,clean,1000,new_positions,14,0,timeout_other,1068,35.567,1,0,47.6723940503547,0.0679767171085146
clean,clean,1000,new_positions,15,0,timeout_other,1062,35.367,5,0,45.002153610179874,5.099795213500279
clean,clean,1000,reduced_lighting,1,1,success,746,24.833,1,1,2.010213472660201,47.11555220691315
clean,clean,1000,reduced_lighting,2,1,success,593,19.733,1,1,3.4403840420699616,45.06161072360359
clean,clean,1000,reduced_lighting,3,1,success,539,17.933,1,1,2.1631244500454123,46.464223702323316
clean,clean,1000,reduced_lighting,4,1,success,621,20.667,1,1,4.0493612047176235,44.80419728078783
clean,clean,1000,reduced_lighting,5,1,success,504,16.767,1,1,3.857807726049021,44.71845069394733
clean,clean,1000,reduced_lighting,6,0,timeout_other,1151,38.333,0,0,,
clean,clean,1000,reduced_lighting,7,1,success,604,20.1,1,1,3.4062084322921997,45.88228127429233
clean,clean,1000,reduced_lighting,8,1,success,514,17.1,1,1,5.171817406025692,43.82230794963821
clean,clean,1000,reduced_lighting,9,1,success,633,21.067,2,1,2.9643118275368714,45.69933049676154
clean,clean,1000,reduced_lighting,10,0,contact_no_grasp,1151,38.333,4,0,39.700271810540045,9.90282347100925
clean,clean,1000,reduced_lighting,11,1,success,621,20.667,1,1,2.302674555106183,45.83757436623419
clean,clean,1000,reduced_lighting,12,1,success,613,20.4,1,1,3.6611740402731634,44.64728980144396
clean,clean,1000,reduced_lighting,13,1,success,784,26.1,1,1,3.7063350551631906,45.58347897891511
clean,clean,1000,reduced_lighting,14,0,contact_no_grasp,1151,38.333,5,0,40.90200583782253,9.053197729918809
clean,clean,1000,reduced_lighting,15,1,success,1061,35.333,1,1,2.0142732962886463,47.01347224764948
clean-seed2000,clean,2000,different_object,1,1,success,831,27.667,1,1,2.502792741910728,47.26848670377571
clean-seed2000,clean,2000,different_object,2,1,success,742,24.7,1,1,2.03681400154122,47.36549912026609
clean-seed2000,clean,2000,different_object,3,0,no_departure,1151,38.333,0,0,,
clean-seed2000,clean,2000,different_object,4,1,success,1151,38.333,1,1,2.4923338112529585,46.82214491780154
clean-seed2000,clean,2000,different_object,5,1,success,757,25.2,1,1,2.6767138493303015,46.9625182045695
clean-seed2000,clean,2000,different_object,6,1,success,464,15.433,1,1,4.359726036997419,44.78746226805917
clean-seed2000,clean,2000,different_object,7,1,success,1151,38.333,1,1,2.6151760414435508,46.97378403421937
clean-seed2000,clean,2000,different_object,8,1,success,774,25.767,1,1,2.7193365698572656,47.35354579820142
clean-seed2000,clean,2000,different_object,9,0,no_departure,1151,38.333,0,0,,
clean-seed2000,clean,2000,different_object,10,1,success,891,29.667,1,1,3.137619619354826,45.7644613571109
clean-seed2000,clean,2000,different_object,11,1,success,601,20.0,1,1,3.1442521119670666,46.51442512212815
clean-seed2000,clean,2000,different_object,12,0,timeout_other,1151,38.333,0,0,,
clean-seed2000,clean,2000,different_object,13,1,success,1150,38.3,1,1,4.2929542408053685,44.55562354307393
clean-seed2000,clean,2000,different_object,14,1,success,889,29.6,1,1,1.2703051888046666,48.20581024373129
clean-seed2000,clean,2000,different_object,15,1,success,1101,36.667,1,1,2.6085417396407387,46.94025430547341
clean-seed2000,clean,2000,distractors,1,0,grasp_drop,449,14.933,1,0,44.70385607897036,5.090354857130748
clean-seed2000,clean,2000,distractors,2,1,success,483,16.067,1,1,3.42314788355473,46.9070339483141
clean-seed2000,clean,2000,distractors,3,0,contact_no_grasp,1149,38.267,8,0,44.13102292543546,5.05238175635651
clean-seed2000,clean,2000,distractors,4,0,contact_no_grasp,1151,38.333,6,0,44.831906968798336,3.6767709468232965
clean-seed2000,clean,2000,distractors,5,1,success,510,16.967,1,1,3.534152579876821,45.163772096442706
clean-seed2000,clean,2000,distractors,6,1,success,677,22.533,1,1,2.7561517886697438,45.82883416661342
clean-seed2000,clean,2000,distractors,7,1,success,478,15.9,1,1,1.8547931479609723,49.27731421114994
clean-seed2000,clean,2000,distractors,8,1,success,536,17.833,1,1,3.254771945217673,46.70701888537178
clean-seed2000,clean,2000,distractors,9,1,success,601,20.0,1,1,5.043560268473282,43.93305935928116
clean-seed2000,clean,2000,distractors,10,0,contact_no_grasp,1151,38.333,8,0,39.805899592502186,4.7676622003392755
clean-seed2000,clean,2000,distractors,11,1,success,482,16.033,1,1,4.496153479142546,45.06524719663977
clean-seed2000,clean,2000,distractors,12,1,success,538,17.9,1,1,4.140461186440728,44.87228797690196
clean-seed2000,clean,2000,distractors,13,1,success,446,14.833,1,1,2.657359128663156,47.389575828308566
clean-seed2000,clean,2000,distractors,14,1,success,536,17.833,1,1,3.294270193638429,46.25521153469995
clean-seed2000,clean,2000,distractors,15,0,contact_no_grasp,1151,38.333,6,0,46.743130454367346,2.6320050067686154
clean-seed2000,clean,2000,in_distribution,1,1,success,401,13.333,1,1,3.3346712281512545,47.14139649413789
clean-seed2000,clean,2000,in_distribution,2,1,success,618,20.567,1,1,2.6355439088272483,46.560000441657614
clean-seed2000,clean,2000,in_distribution,3,1,success,445,14.8,1,1,2.5706192962023273,47.383970955937386
clean-seed2000,clean,2000,in_distribution,4,1,success,443,14.733,1,1,2.8946941745856627,48.00311757875238
clean-seed2000,clean,2000,in_distribution,5,1,success,431,14.333,1,1,2.4532064468980757,47.656847550514435
clean-seed2000,clean,2000,in_distribution,6,1,success,487,16.2,1,1,2.5380520568370777,48.03231067771342
clean-seed2000,clean,2000,in_distribution,7,1,success,435,14.467,1,1,3.2329350150949843,46.49526579404205
clean-seed2000,clean,2000,in_distribution,8,1,success,711,23.667,1,1,2.813837829843056,46.603301608646554
clean-seed2000,clean,2000,in_distribution,9,1,success,601,20.0,1,1,3.8973783420923844,45.09008376471966
clean-seed2000,clean,2000,in_distribution,10,1,success,651,21.667,1,1,4.3845499407433515,45.29675303056101
clean-seed2000,clean,2000,in_distribution,11,1,success,620,20.633,1,1,3.1453846652609165,46.7650486727525
clean-seed2000,clean,2000,in_distribution,12,1,success,429,14.267,1,1,2.8215051794586294,47.558375117237894
clean-seed2000,clean,2000,in_distribution,13,1,success,508,16.9,1,1,2.7329416829080238,45.872430231664495
clean-seed2000,clean,2000,in_distribution,14,1,success,580,19.3,1,1,3.086560643222054,46.79716180528586
clean-seed2000,clean,2000,in_distribution,15,1,success,541,18.0,1,1,1.3376360248813874,48.810463440927975
clean-seed2000,clean,2000,near_1in,1,1,success,549,18.267,1,1,2.2973501072726243,48.31679684814773
clean-seed2000,clean,2000,near_1in,2,0,contact_no_grasp,1147,38.2,3,0,48.85669743113618,2.0998714041898126
clean-seed2000,clean,2000,near_1in,3,1,success,597,19.867,1,1,2.0117169100199312,47.177819118597704
clean-seed2000,clean,2000,near_1in,4,0,contact_no_grasp,1148,38.233,2,0,49.3600359566783,2.848720707818856
clean-seed2000,clean,2000,near_1in,5,0,contact_no_grasp,1148,38.233,3,1,29.131256656000886,18.56690750476537
clean-seed2000,clean,2000,near_1in,6,1,success,513,17.067,1,1,4.310383982711084,45.07713900622522
clean-seed2000,clean,2000,near_1in,7,0,contact_no_grasp,1150,38.3,1,0,44.30045633565791,4.989093556597858
clean-seed2000,clean,2000,near_1in,8,0,contact_no_grasp,1148,38.233,4,0,45.900534323218224,2.01157747703342
clean-seed2000,clean,2000,near_2in,1,0,timeout_other,1131,37.667,0,0,,
clean-seed2000,clean,2000,near_2in,2,0,timeout_other,1150,38.3,4,0,41.242972223918414,7.6077186945411
clean-seed2000,clean,2000,near_2in,3,0,timeout_other,1145,38.133,3,0,48.17707137691511,3.654190439378283
clean-seed2000,clean,2000,near_2in,4,0,timeout_other,1149,38.267,2,2,29.707079610019285,17.007984871109183
clean-seed2000,clean,2000,near_2in,5,0,timeout_other,1149,38.267,2,0,48.14722516016002,1.7321100012271415
clean-seed2000,clean,2000,near_2in,6,0,timeout_other,1149,38.267,2,0,48.170259774436914,1.6734723258164976
clean-seed2000,clean,2000,near_2in,7,0,timeout_other,1149,38.267,3,0,49.39363986223745,4.751916814849814
clean-seed2000,clean,2000,near_2in,8,0,contact_no_grasp,1146,38.167,0,0,,
clean-seed2000,clean,2000,new_positions,1,0,timeout_other,1151,38.333,4,0,47.882321668404074,2.794018021887652
clean-seed2000,clean,2000,new_positions,2,0,timeout_other,1151,38.333,2,0,49.528384757156886,0.6695868557744333
clean-seed2000,clean,2000,new_positions,3,0,timeout_other,1151,38.333,0,0,,
clean-seed2000,clean,2000,new_positions,4,0,no_departure,1151,38.333,0,0,,
clean-seed2000,clean,2000,new_positions,5,0,no_departure,1151,38.333,0,0,,
clean-seed2000,clean,2000,new_positions,6,0,no_departure,1151,38.333,0,0,,
clean-seed2000,clean,2000,new_positions,7,0,no_departure,1151,38.333,0,0,,
clean-seed2000,clean,2000,new_positions,8,0,timeout_other,1151,38.333,1,0,48.15802964621575,0.4037136378755122
clean-seed2000,clean,2000,new_positions,9,0,timeout_other,1150,38.3,3,0,48.62651592470871,3.615690864149549
clean-seed2000,clean,2000,new_positions,10,0,timeout_other,1151,38.333,3,0,48.096689040100614,4.00448410743337
clean-seed2000,clean,2000,new_positions,11,0,timeout_other,1148,38.233,3,0,45.9850325685687,1.8961493097792683
clean-seed2000,clean,2000,new_positions,12,0,timeout_other,1151,38.333,2,0,47.378098448675544,2.1929361668667866
clean-seed2000,clean,2000,new_positions,13,0,timeout_other,1151,38.333,2,0,44.73041318727781,1.3535839144011739
clean-seed2000,clean,2000,new_positions,14,0,timeout_other,1149,38.267,0,0,,
clean-seed2000,clean,2000,new_positions,15,0,timeout_other,1151,38.333,3,0,47.57186999497715,2.594433546299861
clean-seed2000,clean,2000,reduced_lighting,1,0,no_departure,1151,38.333,0,0,,
clean-seed2000,clean,2000,reduced_lighting,2,1,success,575,19.133,1,1,1.970764072384707,47.277646635607624
clean-seed2000,clean,2000,reduced_lighting,3,0,contact_no_grasp,1151,38.333,5,1,38.811503326974915,10.778525980312075
clean-seed2000,clean,2000,reduced_lighting,4,1,success,803,26.733,1,1,3.2421872156457248,45.278697308719714
clean-seed2000,clean,2000,reduced_lighting,5,0,timeout_other,1151,38.333,0,0,,
clean-seed2000,clean,2000,reduced_lighting,6,0,timeout_other,1150,38.3,0,0,,
clean-seed2000,clean,2000,reduced_lighting,7,1,success,696,23.167,1,1,4.128187637646004,44.889956531962284
clean-seed2000,clean,2000,reduced_lighting,8,1,success,889,29.6,1,1,4.25804771803924,44.58340547339406
clean-seed2000,clean,2000,reduced_lighting,9,1,success,757,25.2,1,1,3.247555084052852,45.12204492524554
clean-seed2000,clean,2000,reduced_lighting,10,1,success,804,26.767,1,1,1.3543420905610013,48.31788598086801
clean-seed2000,clean,2000,reduced_lighting,11,0,contact_no_grasp,1151,38.333,6,1,37.75231632892456,11.66875628985393
clean-seed2000,clean,2000,reduced_lighting,12,1,success,519,17.267,1,1,2.6017952680228866,47.3926623074129
clean-seed2000,clean,2000,reduced_lighting,13,0,contact_no_grasp,1149,38.267,6,0,45.948119653465696,1.930227223266506
clean-seed2000,clean,2000,reduced_lighting,14,1,success,651,21.667,1,1,3.8122486892346394,45.626966492532276
clean-seed2000,clean,2000,reduced_lighting,15,1,success,648,21.567,1,1,2.333061719840291,46.40130548203526
color,color,1000,different_object,1,1,success,401,13.333,1,1,0.9322760235914807,47.08932979886027
color,color,1000,different_object,2,1,success,392,13.033,1,1,2.134389076297392,46.503177384383925
color,color,1000,different_object,3,1,success,401,13.333,1,1,1.5298878511081817,48.96201571619868
color,color,1000,different_object,4,1,success,389,12.933,1,1,1.221572831738822,49.30858064249877
color,color,1000,different_object,5,1,success,385,12.8,1,1,1.6729948248202469,48.08204713554298
color,color,1000,different_object,6,1,success,401,13.333,1,1,1.5109130604597318,46.697886091398345
color,color,1000,different_object,7,1,success,353,11.733,1,1,1.3108129655608387,47.746556264692856
color,color,1000,different_object,8,1,success,401,13.333,1,1,3.101063114793181,47.293970962077964
color,color,1000,different_object,9,1,success,413,13.733,1,1,2.53321609045614,47.00423632981383
color,color,1000,different_object,10,1,success,384,12.767,1,1,1.1260403331308346,46.798243701243884
color,color,1000,different_object,11,1,success,400,13.3,1,1,1.5382354563762881,47.764946686788726
color,color,1000,different_object,12,1,success,392,13.033,1,1,2.4952158518234206,47.59481945198449
color,color,1000,different_object,13,1,success,401,13.333,1,1,1.5057785776355281,48.43208389853779
color,color,1000,different_object,14,1,success,340,11.3,1,1,2.9078162337554936,47.51984116738842
color,color,1000,different_object,15,1,success,401,13.333,1,1,1.311905716662256,49.06372298220591
color,color,1000,distractors,1,1,success,403,13.4,1,1,3.7270973260901137,46.56936843040453
color,color,1000,distractors,2,1,success,358,11.9,1,1,2.6262898990859433,47.35998470742317
color,color,1000,distractors,3,1,success,403,13.4,1,1,1.4986576035706598,48.11572340872473
color,color,1000,distractors,4,1,success,371,12.333,1,1,2.2449613760743894,48.66867536713798
color,color,1000,distractors,5,1,success,418,13.9,1,1,3.792231804820606,45.85717151843709
color,color,1000,distractors,6,1,success,441,14.667,1,1,4.327321624783043,46.29742175977804
color,color,1000,distractors,7,1,success,385,12.8,1,1,2.487114296472182,48.97745173010148
color,color,1000,distractors,8,1,success,434,14.433,1,1,4.033827494524299,46.291478568771154
color,color,1000,distractors,9,1,success,418,13.9,1,1,2.719966168173979,47.390634204789244
color,color,1000,distractors,10,1,success,414,13.767,1,1,3.63205330893474,46.98034235001844
color,color,1000,distractors,11,0,contact_no_grasp,1151,38.333,11,0,44.797130707752906,4.537113428227052
color,color,1000,distractors,12,1,success,429,14.267,1,1,3.4316854538321913,47.37764602572124
color,color,1000,distractors,13,1,success,394,13.1,1,1,4.5801795257554865,46.33753694218154
color,color,1000,distractors,14,0,contact_no_grasp,1151,38.333,11,1,38.06551616282012,11.195974992959044
color,color,1000,distractors,15,1,success,475,15.8,1,1,2.1131546066329285,47.707821494690634
color,color,1000,in_distribution,1,1,success,355,11.8,1,1,2.5921323812138333,46.677813122076785
color,color,1000,in_distribution,2,1,success,464,15.433,1,1,2.05036664806558,47.72311458253878
color,color,1000,in_distribution,3,1,success,431,14.333,1,1,1.9832384413321726,46.9573204000755
color,color,1000,in_distribution,4,1,success,635,21.133,3,1,1.748407315151983,46.780320050313854
color,color,1000,in_distribution,5,1,success,405,13.467,1,1,2.0440181983720827,47.57899988968186
color,color,1000,in_distribution,6,1,success,351,11.667,1,1,2.1519545074954998,48.2734486422041
color,color,1000,in_distribution,7,1,success,380,12.633,1,1,1.9974369688883336,47.17208398450583
color,color,1000,in_distribution,8,0,contact_no_grasp,1146,38.167,8,2,14.676865002594614,34.38065981804769
color,color,1000,in_distribution,9,1,success,425,14.133,1,1,1.8285942593854365,47.001489978535766
color,color,1000,in_distribution,10,1,success,446,14.833,1,1,1.5554046748406058,48.137748494666205
color,color,1000,in_distribution,11,0,grasp_drop,1148,38.233,5,0,48.5746518587744,3.757241933975493
color,color,1000,in_distribution,12,1,success,400,13.3,1,1,1.6077481762747148,48.89607795685721
color,color,1000,in_distribution,13,1,success,343,11.4,1,1,2.5461952235713134,48.24062087939746
color,color,1000,in_distribution,14,1,success,401,13.333,1,1,2.5179031015117808,47.31492319801424
color,color,1000,in_distribution,15,1,success,395,13.133,1,1,3.2350770967242504,46.716256612398
color,color,1000,new_positions,1,0,timeout_other,1149,38.267,8,0,46.809833501317925,3.3552542638992335
color,color,1000,new_positions,2,0,timeout_other,1149,38.267,6,0,48.82842521017287,0.7540923378871653
color,color,1000,new_positions,3,0,timeout_other,1151,38.333,9,0,48.757137674329925,2.1795879588763043
color,color,1000,new_positions,4,0,timeout_other,1150,38.3,3,0,45.95346762077661,3.3825115289554404
color,color,1000,new_positions,5,0,timeout_other,1151,38.333,7,0,48.807536295906374,1.1349179059215828
color,color,1000,new_positions,6,0,timeout_other,1151,38.333,5,0,49.0378191170055,0.7874103913369979
color,color,1000,new_positions,7,0,timeout_other,1151,38.333,2,0,47.919809906106835,1.1418434874054029
color,color,1000,new_positions,8,0,timeout_other,1151,38.333,8,0,46.61952474575821,1.6390778039803422
color,color,1000,new_positions,9,0,timeout_other,1151,38.333,5,0,46.66352245111477,2.0557796209238646
color,color,1000,new_positions,10,0,timeout_other,1151,38.333,7,0,46.728170257583216,4.213865349932043
color,color,1000,new_positions,11,0,timeout_other,1151,38.333,7,0,46.403565286364255,1.5255782338687496
color,color,1000,new_positions,12,0,timeout_other,1151,38.333,9,0,48.43408498861595,2.0965370659780334
color,color,1000,new_positions,13,0,timeout_other,1151,38.333,8,0,45.19801296239379,2.4835627300795977
color,color,1000,new_positions,14,0,timeout_other,1150,38.3,8,0,39.77300398504935,2.6142098083687184
color,color,1000,new_positions,15,0,timeout_other,1115,37.133,7,1,46.76219027697236,12.793723195368942
color,color,1000,reduced_lighting,1,1,success,332,11.033,1,1,2.8655336410547996,45.94285116522668
color,color,1000,reduced_lighting,2,0,contact_no_grasp,1151,38.333,11,0,47.793249789304625,2.2488347277616256
color,color,1000,reduced_lighting,3,1,success,390,12.967,1,1,1.9744946233302691,48.57514021491404
color,color,1000,reduced_lighting,4,1,success,383,12.733,1,1,2.888640622954302,46.2320032381288
color,color,1000,reduced_lighting,5,0,contact_no_grasp,1151,38.333,7,0,40.54079551389667,1.267312662296753
color,color,1000,reduced_lighting,6,1,success,379,12.6,1,1,2.7490651892256217,47.57102859605132
color,color,1000,reduced_lighting,7,1,success,438,14.567,1,1,3.6507730037134856,45.460671123345264
color,color,1000,reduced_lighting,8,1,success,337,11.2,1,1,1.9495549313881604,48.25119197987027
color,color,1000,reduced_lighting,9,1,success,351,11.667,1,1,2.469462024126937,46.41808391533749
color,color,1000,reduced_lighting,10,1,success,351,11.667,1,1,1.2552563416828342,49.567117592655556
color,color,1000,reduced_lighting,11,0,contact_no_grasp,1151,38.333,8,1,41.41755006751318,10.463875175583178
color,color,1000,reduced_lighting,12,1,success,379,12.6,1,1,2.1982842594906806,47.388246073243096
color,color,1000,reduced_lighting,13,1,success_after_missed_grasp,566,18.833,4,1,2.912331973406385,46.60224323216587
color,color,1000,reduced_lighting,14,1,success,405,13.467,1,1,1.6917380390763448,47.587452428002756
color,color,1000,reduced_lighting,15,1,success,426,14.167,1,1,1.6175793178063351,47.31283901048306
color-seed2000,color,2000,different_object,1,1,success,400,13.3,1,1,1.2459028264604406,48.48736552544988
color-seed2000,color,2000,different_object,2,1,success,372,12.367,1,1,2.508515211668641,48.11590613697182
color-seed2000,color,2000,different_object,3,1,success,368,12.233,1,1,1.9259685139888667,47.41836185939242
color-seed2000,color,2000,different_object,4,1,success,401,13.333,1,1,2.9601036502820754,46.87119750159743
color-seed2000,color,2000,different_object,5,1,success,413,13.733,1,1,2.221993701848408,48.60856681979779
color-seed2000,color,2000,different_object,6,1,success,399,13.267,1,1,2.66010186156009,47.719056568100896
color-seed2000,color,2000,different_object,7,1,success,401,13.333,1,1,2.106978030043134,48.11886235435546
color-seed2000,color,2000,different_object,8,1,success,383,12.733,1,1,2.998512765982543,47.0952494703898
color-seed2000,color,2000,different_object,9,1,success,399,13.267,1,1,2.1194560173717356,47.666678692046055
color-seed2000,color,2000,different_object,10,1,success,382,12.7,1,1,1.9622789686336368,48.34972773481659
color-seed2000,color,2000,different_object,11,1,success,344,11.433,1,1,2.0613104417948414,47.98667927327642
color-seed2000,color,2000,different_object,12,1,success,401,13.333,1,1,1.7158093195471302,48.26657371805611
color-seed2000,color,2000,different_object,13,1,success,412,13.7,1,1,1.5753347181075092,48.59472832116411
color-seed2000,color,2000,different_object,14,1,success,362,12.033,1,1,0.9514570619643656,49.41968665349252
color-seed2000,color,2000,different_object,15,1,success,373,12.4,1,1,2.718290857710546,47.36485143004372
color-seed2000,color,2000,distractors,1,1,success,446,14.833,1,1,3.0721214933207115,47.25533207917571
color-seed2000,color,2000,distractors,2,1,success,406,13.5,1,1,2.049729812986609,48.08367902543284
color-seed2000,color,2000,distractors,3,1,success,403,13.4,1,1,2.68383482339517,48.31392747191123
color-seed2000,color,2000,distractors,4,1,success,410,13.633,1,1,4.64650445187792,45.461076382031884
color-seed2000,color,2000,distractors,5,1,success,408,13.567,1,1,4.125084875826584,45.448006789388444
color-seed2000,color,2000,distractors,6,1,success,440,14.633,1,1,3.5461040927509337,46.53322442129177
color-seed2000,color,2000,distractors,7,1,success,518,17.233,1,1,2.6920557853237135,47.926990458147365
color-seed2000,color,2000,distractors,8,1,success,479,15.933,1,1,2.220065104705842,47.421506232594844
color-seed2000,color,2000,distractors,9,1,success,503,16.733,1,1,2.2463562620002016,47.242678600362275
color-seed2000,color,2000,distractors,10,1,success,404,13.433,1,1,3.5428475497334624,47.113258153276405
color-seed2000,color,2000,distractors,11,1,success,462,15.367,1,1,2.871507588301288,46.909472737196076
color-seed2000,color,2000,distractors,12,1,success,411,13.667,1,1,2.6071124790941873,47.69060161889049
color-seed2000,color,2000,distractors,13,1,success,424,14.1,1,1,3.2885531514522093,46.71773291189925
color-seed2000,color,2000,distractors,14,1,success,439,14.6,1,1,4.111032892706209,45.8340482538225
color-seed2000,color,2000,distractors,15,1,success,401,13.333,1,1,1.3523881647505185,47.68723290605797
color-seed2000,color,2000,in_distribution,1,0,timeout_other,1148,38.233,8,2,19.505287058877578,33.96534022269603
color-seed2000,color,2000,in_distribution,2,1,success,401,13.333,1,1,2.2151784809890778,47.798152570423504
color-seed2000,color,2000,in_distribution,3,1,success,429,14.267,1,1,1.002045648550169,49.87641138412072
color-seed2000,color,2000,in_distribution,4,1,success,620,20.633,2,1,1.2128778618821876,47.05324006546446
color-seed2000,color,2000,in_distribution,5,1,success,385,12.8,1,1,2.5373066703241953,46.85753992202028
color-seed2000,color,2000,in_distribution,6,0,contact_no_grasp,1151,38.333,6,0,45.57011461352252,3.0638805049829685
color-seed2000,color,2000,in_distribution,7,1,success,406,13.5,1,1,1.9262308466208289,46.77983518724236
color-seed2000,color,2000,in_distribution,8,1,success,370,12.3,1,1,3.015294817665893,47.859051734040726
color-seed2000,color,2000,in_distribution,9,0,contact_no_grasp,1150,38.3,11,2,25.230010615941772,23.821721176510565
color-seed2000,color,2000,in_distribution,10,1,success,384,12.767,1,1,2.6608617215974952,46.746133585392705
color-seed2000,color,2000,in_distribution,11,1,success,370,12.3,1,1,2.8975002291523815,46.55418208479974
color-seed2000,color,2000,in_distribution,12,1,success,389,12.933,1,1,2.4915413857853714,46.817991016263704
color-seed2000,color,2000,in_distribution,13,1,success,374,12.433,1,1,2.9966529180814554,46.77083627337076
color-seed2000,color,2000,in_distribution,14,1,success,401,13.333,1,1,1.8798612924332154,48.20539774828241
color-seed2000,color,2000,in_distribution,15,1,success,347,11.533,1,1,2.750635566636266,47.22997265502246
color-seed2000,color,2000,new_positions,1,0,timeout_other,1151,38.333,8,0,47.99543407173471,1.4423120472932212
color-seed2000,color,2000,new_positions,2,0,timeout_other,1151,38.333,9,0,47.88495765905766,1.7802724632649287
color-seed2000,color,2000,new_positions,3,0,timeout_other,1151,38.333,9,0,47.87761234536271,1.568613449844591
color-seed2000,color,2000,new_positions,4,0,timeout_other,1150,38.3,9,0,48.933537372823906,1.851914600458656
color-seed2000,color,2000,new_positions,5,0,timeout_other,1151,38.333,7,0,48.566486981753386,2.396412211360456
color-seed2000,color,2000,new_positions,6,0,timeout_other,1151,38.333,10,0,47.06389994158796,2.337381941597151
color-seed2000,color,2000,new_positions,7,0,timeout_other,1151,38.333,2,0,47.425812231453136,0.7904769693451144
color-seed2000,color,2000,new_positions,8,0,timeout_other,1151,38.333,3,0,47.563413838275125,0.587445985730497
color-seed2000,color,2000,new_positions,9,0,timeout_other,1149,38.267,6,0,46.450177272087615,1.55714680004197
color-seed2000,color,2000,new_positions,10,0,timeout_other,1147,38.2,9,0,46.18713362823276,2.8584885276806986
color-seed2000,color,2000,new_positions,11,0,timeout_other,1149,38.267,5,0,45.353467661713765,2.2101687070008893
color-seed2000,color,2000,new_positions,12,0,timeout_other,1147,38.2,8,0,39.73447636736685,6.880604101767807
color-seed2000,color,2000,new_positions,13,0,timeout_other,1151,38.333,8,0,47.16685373989465,2.3663941215016635
color-seed2000,color,2000,new_positions,14,0,timeout_other,1145,38.133,7,0,47.730854425089944,2.976834919316616
color-seed2000,color,2000,new_positions,15,0,timeout_other,1123,37.4,9,0,48.57401864207655,2.756006928111539
color-seed2000,color,2000,reduced_lighting,1,0,contact_no_grasp,1151,38.333,9,0,47.397606950540734,2.0226081119098183
color-seed2000,color,2000,reduced_lighting,2,1,success,351,11.667,1,1,2.4909986286157952,46.60153402946429
color-seed2000,color,2000,reduced_lighting,3,1,success,376,12.5,1,1,2.5852067997300203,46.879733262684326
color-seed2000,color,2000,reduced_lighting,4,1,success,401,13.333,1,1,4.111809035458702,45.902594865959074
color-seed2000,color,2000,reduced_lighting,5,1,success,460,15.3,1,1,2.104481347063075,48.149714481064834
color-seed2000,color,2000,reduced_lighting,6,1,success,383,12.733,1,1,1.4766361360103168,48.60726058420966
color-seed2000,color,2000,reduced_lighting,7,1,success,385,12.8,1,1,2.2888849046177704,47.89121371471935
color-seed2000,color,2000,reduced_lighting,8,1,success,432,14.367,1,1,1.6076251513162738,48.49029279578448
color-seed2000,color,2000,reduced_lighting,9,1,success,359,11.933,1,1,3.6224989735596047,46.91679091303255
color-seed2000,color,2000,reduced_lighting,10,1,success,369,12.267,1,1,1.5718321251731702,47.907588698525515
color-seed2000,color,2000,reduced_lighting,11,1,success,380,12.633,1,1,2.0652092474629775,46.19321419240962
color-seed2000,color,2000,reduced_lighting,12,1,success,354,11.767,1,1,3.2401934876428093,46.31628980818313
color-seed2000,color,2000,reduced_lighting,13,1,success,437,14.533,1,1,1.3768954601475265,48.84464085989631
color-seed2000,color,2000,reduced_lighting,14,1,success,350,11.633,1,1,1.553577392369693,49.11366749695048
color-seed2000,color,2000,reduced_lighting,15,1,success,426,14.167,1,1,2.799765945626465,46.72988162654497
color-slowpace,color-slowpace,1000,different_object,1,1,success,688,22.9,1,1,3.0398563887798637,46.846648594817424
color-slowpace,color-slowpace,1000,different_object,2,1,success,619,20.6,1,1,3.824355792497361,47.24600208343066
color-slowpace,color-slowpace,1000,different_object,3,1,success,589,19.6,1,1,1.602767474648548,48.770149247562294
color-slowpace,color-slowpace,1000,different_object,4,1,success,1151,38.333,1,1,3.296187935637608,47.784612588233095
color-slowpace,color-slowpace,1000,different_object,5,1,success,555,18.467,1,1,3.523688221647358,46.802140697721455
color-slowpace,color-slowpace,1000,different_object,6,1,success,521,17.333,1,1,2.76094433447712,48.52238964560275
color-slowpace,color-slowpace,1000,different_object,7,1,success,590,19.633,1,1,2.8910197085476206,47.45246510154757
color-slowpace,color-slowpace,1000,different_object,8,0,timeout_other,1151,38.333,0,0,,
color-slowpace,color-slowpace,1000,different_object,9,1,success,656,21.833,1,1,1.6143824780775198,47.1040348997747
color-slowpace,color-slowpace,1000,different_object,10,1,success,598,19.9,1,1,1.3912477689017386,48.634032986194384
color-slowpace,color-slowpace,1000,different_object,11,1,success,545,18.133,1,1,3.2106421689498497,46.5247809289237
color-slowpace,color-slowpace,1000,different_object,12,1,success,711,23.667,1,1,3.445393690745167,46.41748688245095
color-slowpace,color-slowpace,1000,different_object,13,1,success,576,19.167,2,1,1.5671770778487577,48.98918071253606
color-slowpace,color-slowpace,1000,different_object,14,1,success,795,26.467,2,1,2.272352521232424,49.80466069549307
color-slowpace,color-slowpace,1000,different_object,15,1,success,693,23.067,1,1,3.030468498936731,47.52613895974609
color-slowpace,color-slowpace,1000,in_distribution,1,1,success,755,25.133,1,1,2.720056627702238,47.482736478085506
color-slowpace,color-slowpace,1000,in_distribution,2,1,success,842,28.033,1,1,2.1899873115583937,47.723226752353824
color-slowpace,color-slowpace,1000,in_distribution,3,1,success,600,19.967,1,1,3.120213396926456,46.219376897173845
color-slowpace,color-slowpace,1000,in_distribution,4,0,no_departure,1147,38.2,0,0,,
color-slowpace,color-slowpace,1000,in_distribution,5,1,success,602,20.033,1,1,4.1880157604485895,45.992084668079094
color-slowpace,color-slowpace,1000,in_distribution,6,1,success,547,18.2,1,1,2.2906126816075947,47.5313150539533
color-slowpace,color-slowpace,1000,in_distribution,7,1,success,542,18.033,1,1,2.7816867043078197,47.03797773385593
color-slowpace,color-slowpace,1000,in_distribution,8,0,contact_no_grasp,1151,38.333,6,0,49.5447000376744,3.294689800536588
color-slowpace,color-slowpace,1000,in_distribution,9,1,success,641,21.333,1,1,3.243952985637417,47.60780039429023
color-slowpace,color-slowpace,1000,in_distribution,10,0,timeout_other,1149,38.267,0,0,,
color-slowpace,color-slowpace,1000,in_distribution,11,1,success,872,29.033,1,1,3.0607362570935344,46.295722929837254
color-slowpace,color-slowpace,1000,in_distribution,12,1,success,810,26.967,1,1,3.448096621449668,46.62665283127236
color-slowpace,color-slowpace,1000,in_distribution,13,0,no_departure,1149,38.267,0,0,,
color-slowpace,color-slowpace,1000,in_distribution,14,1,success,636,21.167,1,1,2.402874765372541,47.64609914936623
color-slowpace,color-slowpace,1000,in_distribution,15,0,timeout_other,1150,38.3,0,0,,
density,density,1000,in_distribution,1,1,success,419,13.933,1,1,3.624357012270128,46.37954453791632
density,density,1000,in_distribution,2,1,success,413,13.733,1,1,3.0632854065999844,46.43120416531676
density,density,1000,in_distribution,3,1,success,420,13.967,1,1,4.444524607981723,45.71467966951721
density,density,1000,in_distribution,4,1,success,401,13.333,1,1,3.1814002218435498,46.55667334020811
density,density,1000,in_distribution,5,1,success,367,12.2,1,1,3.2565304784471074,46.72126264269207
density,density,1000,in_distribution,6,1,success,403,13.4,1,1,1.5860740733028926,48.196995867297346
density,density,1000,in_distribution,7,1,success,401,13.333,1,1,2.330986578261939,48.20406075645468
density,density,1000,in_distribution,8,1,success,430,14.3,1,1,2.615887053335694,47.16408555301682
density,density,1000,in_distribution,9,1,success,391,13.0,1,1,2.544226824236315,48.08644889618825
density,density,1000,in_distribution,10,1,success,424,14.1,1,1,2.9718054948581774,46.564612068408465
density,density,1000,in_distribution,11,1,success,415,13.8,1,1,3.5568108825161424,46.4994395966761
density,density,1000,in_distribution,12,1,success,372,12.367,1,1,2.3143130780125,48.3230114177394
density,density,1000,in_distribution,13,1,success,396,13.167,1,1,2.7800855706575653,46.0799715273583
density,density,1000,in_distribution,14,1,success,450,14.967,1,1,2.151817009012536,46.57313335597084
density,density,1000,in_distribution,15,1,success,388,12.9,1,1,2.604447541391554,46.70633501133811
density,density,1000,new_positions,1,0,timeout_other,1149,38.267,5,0,3.308341827229061,5.588510051703402
density,density,1000,new_positions,2,0,timeout_other,1116,37.167,5,0,0.9903890337382002,9.530971488178537
density,density,1000,new_positions,3,0,timeout_other,1144,38.1,3,0,0.542337562679851,4.217094755091033
density,density,1000,new_positions,4,0,timeout_other,1116,37.167,4,0,3.784470126669678,4.0915278839091584
density,density,1000,new_positions,5,0,timeout_other,1118,37.233,2,0,0.4417176202023505,5.285172115579087
density,density,1000,new_positions,6,0,timeout_other,1125,37.467,2,0,1.0788674983322402,5.500827630958078
density,density,1000,new_positions,7,0,timeout_other,1151,38.333,4,0,37.27312868823809,5.376972254050944
density,density,1000,new_positions,8,0,timeout_other,1151,38.333,3,0,42.50146146382839,2.8933968596373916
density,density,1000,new_positions,9,0,timeout_other,1148,38.233,5,0,41.64683240622972,5.571518133914488
density,density,1000,new_positions,10,0,timeout_other,1148,38.233,2,0,0.8388545997471901,1.3110625085458665
density,density,1000,new_positions,11,0,timeout_other,1145,38.133,3,0,0.27312457899746434,2.829722397693061
density,density,1000,new_positions,12,0,timeout_other,1146,38.167,2,0,9.292006486869699,0.6375008610995554
density,density,1000,new_positions,13,0,timeout_other,1150,38.3,1,0,47.71816295327464,0.09845434137088915
density,density,1000,new_positions,14,0,timeout_other,1146,38.167,0,0,,
density,density,1000,new_positions,15,0,timeout_other,1145,38.133,0,0,,
density,density,1000,trained_t2,1,1,success,397,13.2,1,0,2.544373368672101,8.458524932475378
density,density,1000,trained_t2,2,1,success,399,13.267,1,0,2.9518881159252253,9.030129645616462
density,density,1000,trained_t2,3,1,success,439,14.6,1,0,2.7977649808612917,9.675031905318498
density,density,1000,trained_t2,4,1,success,367,12.2,1,0,1.7625714680874047,8.7775177945609
density,density,1000,trained_t2,5,1,success,401,13.333,1,1,3.4988842189976417,10.075043939297487
density,density,1000,trained_t2,6,1,success,392,13.033,1,0,4.331717957856629,9.3799257862661
density,density,1000,trained_t2,7,1,success,397,13.2,1,0,2.7264086957768647,9.971451496721258
density,density,1000,trained_t2,8,1,success,385,12.8,1,0,1.8424834153549448,9.141885156023143
density,density,1000,trained_t2,9,1,success,401,13.333,1,0,1.990176687149944,8.893137736014971
density,density,1000,trained_t2,10,1,success,417,13.867,2,0,1.8810698317308088,8.51704862888041
density,density,1000,trained_t2,11,1,success,361,12.0,1,0,2.554651380273338,9.66805385730828
density,density,1000,trained_t2,12,1,success,401,13.333,1,0,2.1040272402311935,9.178246268003733
density,density,1000,trained_t2,13,1,success,399,13.267,1,1,3.7014864244482943,11.036688428021861
density,density,1000,trained_t2,14,1,success,408,13.567,1,0,2.4085646697002865,8.696596318957944
density,density,1000,trained_t2,15,1,success,401,13.333,2,0,2.079832934801974,7.459694340872659
randomized,randomized,1000,different_object,1,0,no_departure,1151,38.333,0,0,,
randomized,randomized,1000,different_object,2,0,no_departure,1151,38.333,0,0,,
randomized,randomized,1000,different_object,3,0,no_departure,1151,38.333,0,0,,
randomized,randomized,1000,different_object,4,0,contact_no_grasp,1151,38.333,2,0,54.46445907964451,3.6811473788006523
randomized,randomized,1000,different_object,5,0,timeout_other,1151,38.333,0,0,,
randomized,randomized,1000,different_object,6,0,timeout_other,1150,38.3,3,0,40.587314326305915,3.3778365805348116
randomized,randomized,1000,different_object,7,0,timeout_other,1151,38.333,4,0,46.06173682096403,1.7903695558096473
randomized,randomized,1000,different_object,8,0,contact_no_grasp,1143,38.067,0,0,,
randomized,randomized,1000,different_object,9,0,no_departure,1140,37.967,0,0,,
randomized,randomized,1000,different_object,10,0,timeout_other,1142,38.033,2,0,45.46177666409362,1.6708996568326953
randomized,randomized,1000,different_object,11,0,grasp_drop,1140,37.967,6,1,18.409812221064513,26.20995403732548
randomized,randomized,1000,different_object,12,0,timeout_other,1150,38.3,1,0,63.99509586756848,0.354941478617242
randomized,randomized,1000,different_object,13,0,timeout_other,1150,38.3,6,1,25.589362675008296,10.003371045864142
randomized,randomized,1000,different_object,14,0,timeout_other,1146,38.167,1,0,50.060087772381166,0.6845796179887529
randomized,randomized,1000,different_object,15,0,timeout_other,1135,37.8,1,0,50.49217313670108,1.9254147763629135
randomized,randomized,1000,distractors,1,0,timeout_other,1151,38.333,6,0,36.743277379557355,1.8810317134159575
randomized,randomized,1000,distractors,2,0,contact_no_grasp,1151,38.333,6,0,35.855916446251996,4.216667333819988
randomized,randomized,1000,distractors,3,0,timeout_other,1151,38.333,8,1,31.034250133688534,10.789754721555358
randomized,randomized,1000,distractors,4,1,success,701,23.333,1,1,3.1055462890138905,48.200977895731484
randomized,randomized,1000,distractors,5,0,timeout_other,1151,38.333,6,0,44.087503750983416,1.3227227417389642
randomized,randomized,1000,distractors,6,0,timeout_other,1149,38.267,8,0,32.48251803632259,2.994325269106268
randomized,randomized,1000,distractors,7,0,contact_no_grasp,1147,38.2,7,0,34.52667021563234,1.7117222327472206
randomized,randomized,1000,distractors,8,0,grasp_drop,1146,38.167,4,0,31.674220313760845,6.580071315614912
randomized,randomized,1000,distractors,9,0,timeout_other,1150,38.3,6,0,32.68048170331273,0.9048019826521028
randomized,randomized,1000,distractors,10,0,timeout_other,1148,38.233,6,0,33.15532954813079,3.075582801856717
randomized,randomized,1000,distractors,11,0,timeout_other,1145,38.133,7,0,24.907631401415728,1.945749626018797
randomized,randomized,1000,distractors,12,0,timeout_other,1132,37.7,8,0,34.43143939955111,2.1783735397093684
randomized,randomized,1000,distractors,13,0,timeout_other,1126,37.5,5,0,33.87113624757356,1.8933043576153974
randomized,randomized,1000,distractors,14,0,timeout_other,1117,37.2,6,0,31.6923029473118,3.036085910328884
randomized,randomized,1000,distractors,15,0,timeout_other,1109,36.933,6,0,29.795879884385123,2.173184328870561
randomized,randomized,1000,in_distribution,1,1,success,714,23.767,1,1,1.8009371632143107,48.1215471931543
randomized,randomized,1000,in_distribution,2,0,contact_no_grasp,1144,38.1,6,1,18.60976577152762,23.19352543478579
randomized,randomized,1000,in_distribution,3,0,no_departure,1142,38.033,0,0,,
randomized,randomized,1000,in_distribution,4,0,contact_no_grasp,1142,38.033,6,1,28.86528605276607,15.927197833825776
randomized,randomized,1000,in_distribution,5,1,success,559,18.6,1,1,2.8838100841450576,47.928227944494004
randomized,randomized,1000,in_distribution,6,1,success,856,28.5,1,1,1.329295656375539,47.733738149537984
randomized,randomized,1000,in_distribution,7,0,contact_no_grasp,1145,38.133,6,1,21.91206457528405,18.899748929107083
randomized,randomized,1000,in_distribution,8,1,success,537,17.867,1,1,1.9115311732780889,46.23230175457207
randomized,randomized,1000,in_distribution,9,1,success,816,27.167,1,1,1.8054800407236762,48.43521017983457
randomized,randomized,1000,in_distribution,10,0,contact_no_grasp,1145,38.133,6,1,23.059406192817274,10.234144157606453
randomized,randomized,1000,in_distribution,11,0,timeout_other,1144,38.1,4,0,47.852321670450934,4.293415459086525
randomized,randomized,1000,in_distribution,12,1,success,489,16.267,2,1,1.0189814814315703,48.92771889065305
randomized,randomized,1000,in_distribution,13,0,timeout_other,1142,38.033,7,1,27.697749826114375,22.165449164621233
randomized,randomized,1000,in_distribution,14,0,timeout_other,1146,38.167,6,1,28.583082882944893,15.732757339312656
randomized,randomized,1000,in_distribution,15,0,timeout_other,1144,38.1,5,1,27.897685623895057,14.365708976427175
randomized,randomized,1000,new_positions,1,0,no_departure,1143,38.067,0,0,,
randomized,randomized,1000,new_positions,2,0,no_departure,1129,37.6,0,0,,
randomized,randomized,1000,new_positions,3,0,timeout_other,1138,37.9,5,0,28.091345339604857,6.184587233323125
randomized,randomized,1000,new_positions,4,0,timeout_other,1144,38.1,0,0,,
randomized,randomized,1000,new_positions,5,0,timeout_other,1150,38.3,0,0,,
randomized,randomized,1000,new_positions,6,0,timeout_other,1151,38.333,0,0,,
randomized,randomized,1000,new_positions,7,0,no_departure,1151,38.333,0,0,,
randomized,randomized,1000,new_positions,8,0,timeout_other,1150,38.3,0,0,,
randomized,randomized,1000,new_positions,9,0,timeout_other,1151,38.333,3,0,37.337003970335154,1.8674682117482018
randomized,randomized,1000,new_positions,10,0,timeout_other,1147,38.2,0,0,,
randomized,randomized,1000,new_positions,11,0,no_departure,1146,38.167,0,0,,
randomized,randomized,1000,new_positions,12,0,timeout_other,1151,38.333,2,0,62.0634194826592,1.2814171119435187
randomized,randomized,1000,new_positions,13,0,timeout_other,1149,38.267,2,0,40.52030462155453,1.0046281427690982
randomized,randomized,1000,new_positions,14,0,no_departure,1132,37.7,0,0,,
randomized,randomized,1000,new_positions,15,0,no_departure,1127,37.533,0,0,,
randomized,randomized,1000,reduced_lighting,1,0,contact_no_grasp,1151,38.333,5,0,42.264937839874406,5.324192737690609
randomized,randomized,1000,reduced_lighting,2,0,timeout_other,1151,38.333,6,0,39.34108235247558,2.8742764291484377
randomized,randomized,1000,reduced_lighting,3,1,success,603,20.067,1,1,3.2897996837516708,45.310419656090986
randomized,randomized,1000,reduced_lighting,4,1,success,501,16.667,1,1,2.6770684506810944,47.965942331017416
randomized,randomized,1000,reduced_lighting,5,1,success,951,31.667,1,1,0.7710192501287203,49.78977467552211
randomized,randomized,1000,reduced_lighting,6,0,contact_no_grasp,1151,38.333,2,0,47.55809843639439,3.020461740607299
randomized,randomized,1000,reduced_lighting,7,0,timeout_other,1151,38.333,5,0,36.0680567043627,4.475471591882798
randomized,randomized,1000,reduced_lighting,8,0,timeout_other,1151,38.333,4,0,43.96595056907057,4.300710115445657
randomized,randomized,1000,reduced_lighting,9,1,success,483,16.067,1,1,3.578293211288038,46.74111489076467
randomized,randomized,1000,reduced_lighting,10,0,contact_no_grasp,1151,38.333,8,1,23.626545823643298,28.21565300191474
randomized,randomized,1000,reduced_lighting,11,0,contact_no_grasp,1149,38.267,5,0,41.05003742825324,3.2015544794275677
randomized,randomized,1000,reduced_lighting,12,0,timeout_other,1147,38.2,5,0,39.76009993334263,5.457211664810789
randomized,randomized,1000,reduced_lighting,13,1,success,564,18.767,1,1,1.526835746624588,48.417029623844265
randomized,randomized,1000,reduced_lighting,14,0,grasp_drop,1150,38.3,4,2,9.484211274141796,41.977811030497115
randomized,randomized,1000,reduced_lighting,15,0,timeout_other,1151,38.333,6,0,35.42198796904371,2.562086575885937
randomized-seed2000,randomized,2000,different_object,1,1,success,954,31.767,1,1,0.9088813803921063,50.67512017053777
randomized-seed2000,randomized,2000,different_object,2,0,no_departure,1151,38.333,0,0,,
randomized-seed2000,randomized,2000,different_object,3,0,timeout_other,1151,38.333,0,0,,
randomized-seed2000,randomized,2000,different_object,4,0,no_departure,1151,38.333,0,0,,
randomized-seed2000,randomized,2000,different_object,5,0,no_departure,1151,38.333,0,0,,
randomized-seed2000,randomized,2000,different_object,6,0,no_departure,1151,38.333,0,0,,
randomized-seed2000,randomized,2000,different_object,7,0,timeout_other,1151,38.333,0,0,,
randomized-seed2000,randomized,2000,different_object,8,0,timeout_other,1149,38.267,0,0,,
randomized-seed2000,randomized,2000,different_object,9,0,no_departure,1151,38.333,0,0,,
randomized-seed2000,randomized,2000,different_object,10,0,no_departure,1151,38.333,0,0,,
randomized-seed2000,randomized,2000,different_object,11,1,success,505,16.8,1,1,2.378090663819048,47.45629696716479
randomized-seed2000,randomized,2000,different_object,12,0,contact_no_grasp,1149,38.267,0,0,,
randomized-seed2000,randomized,2000,different_object,13,0,timeout_other,1148,38.233,0,0,,
randomized-seed2000,randomized,2000,different_object,14,0,no_departure,1150,38.3,0,0,,
randomized-seed2000,randomized,2000,different_object,15,0,no_departure,1149,38.267,0,0,,
randomized-seed2000,randomized,2000,distractors,1,0,timeout_other,1149,38.267,9,0,33.748550017847954,1.2745847037738116
randomized-seed2000,randomized,2000,distractors,2,0,timeout_other,1150,38.3,9,0,31.455822970080195,2.1406826726633064
randomized-seed2000,randomized,2000,distractors,3,0,timeout_other,1150,38.3,6,0,29.930517019391516,1.8364278161456244
randomized-seed2000,randomized,2000,distractors,4,0,timeout_other,1151,38.333,6,0,32.582893059627324,5.870542959731232
randomized-seed2000,randomized,2000,distractors,5,0,contact_no_grasp,1151,38.333,5,0,34.52626721843393,7.588108878004242
randomized-seed2000,randomized,2000,distractors,6,0,contact_no_grasp,1151,38.333,8,0,31.407256606248716,3.3067191086050016
randomized-seed2000,randomized,2000,distractors,7,0,timeout_other,1150,38.3,7,0,33.68416951928553,2.6845457099743353
randomized-seed2000,randomized,2000,distractors,8,0,contact_no_grasp,1151,38.333,4,0,36.89819836766057,0.8407154775565377
randomized-seed2000,randomized,2000,distractors,9,0,contact_no_grasp,1151,38.333,7,1,29.62287100477087,12.079050858410579
randomized-seed2000,randomized,2000,distractors,10,0,contact_no_grasp,1151,38.333,10,0,30.71480621778021,3.0751920166946203
randomized-seed2000,randomized,2000,distractors,11,0,timeout_other,1150,38.3,7,0,31.317599227852583,2.45072004145079
randomized-seed2000,randomized,2000,distractors,12,0,timeout_other,1150,38.3,6,0,39.53250104644707,2.258519324857465
randomized-seed2000,randomized,2000,distractors,13,0,timeout_other,1149,38.267,7,0,36.071119211692036,1.527549799287243
randomized-seed2000,randomized,2000,distractors,14,0,timeout_other,1150,38.3,8,0,36.58431104135022,2.3585684677116276
randomized-seed2000,randomized,2000,distractors,15,0,timeout_other,1149,38.267,8,0,33.7494460194754,2.2842105093306184
randomized-seed2000,randomized,2000,in_distribution,1,0,contact_no_grasp,1148,38.233,2,0,49.70234747595947,3.801684700211112
randomized-seed2000,randomized,2000,in_distribution,2,0,contact_no_grasp,1151,38.333,0,0,,
randomized-seed2000,randomized,2000,in_distribution,3,1,success,848,28.233,1,1,2.4647545102761335,49.26301436892213
randomized-seed2000,randomized,2000,in_distribution,4,1,success,553,18.4,1,1,3.7479229186868217,45.622481509120995
randomized-seed2000,randomized,2000,in_distribution,5,0,contact_no_grasp,1150,38.3,1,0,50.29227928952663,0.1438668337494775
randomized-seed2000,randomized,2000,in_distribution,6,0,contact_no_grasp,1151,38.333,4,1,23.498440658098364,19.84602852773275
randomized-seed2000,randomized,2000,in_distribution,7,1,success,646,21.5,1,1,1.7128404378295379,49.30193005798087
randomized-seed2000,randomized,2000,in_distribution,8,1,success,533,17.733,1,1,1.9871987594795293,48.821092435498876
randomized-seed2000,randomized,2000,in_distribution,9,0,contact_no_grasp,1145,38.133,5,1,19.38685744447566,18.85403260578794
randomized-seed2000,randomized,2000,in_distribution,10,0,timeout_other,1150,38.3,4,0,41.34724854052831,6.091032632300601
randomized-seed2000,randomized,2000,in_distribution,11,0,contact_no_grasp,1149,38.267,7,1,23.268355943366135,25.791891709076886
randomized-seed2000,randomized,2000,in_distribution,12,1,success,551,18.333,1,1,1.7640314848735734,50.321526538891646
randomized-seed2000,randomized,2000,in_distribution,13,0,contact_no_grasp,1151,38.333,2,0,37.26723163159062,7.981667529236958
randomized-seed2000,randomized,2000,in_distribution,14,0,timeout_other,1149,38.267,2,0,37.47035126554293,1.824611201043039
randomized-seed2000,randomized,2000,in_distribution,15,1,success,652,21.7,1,1,4.55251700201266,46.654498083262276
randomized-seed2000,randomized,2000,new_positions,1,0,timeout_other,1151,38.333,1,0,21.359742667485147,7.095074597326557
randomized-seed2000,randomized,2000,new_positions,2,0,no_departure,1150,38.3,0,0,,
randomized-seed2000,randomized,2000,new_positions,3,0,no_departure,1151,38.333,0,0,,
randomized-seed2000,randomized,2000,new_positions,4,0,no_departure,1151,38.333,0,0,,
randomized-seed2000,randomized,2000,new_positions,5,0,timeout_other,1151,38.333,1,0,26.504234587869494,6.678764470140422
randomized-seed2000,randomized,2000,new_positions,6,0,timeout_other,1151,38.333,0,0,,
randomized-seed2000,randomized,2000,new_positions,7,0,no_departure,1151,38.333,0,0,,
randomized-seed2000,randomized,2000,new_positions,8,0,contact_no_grasp,1151,38.333,1,0,30.46580720720906,0.9484410159791006
randomized-seed2000,randomized,2000,new_positions,9,0,no_departure,1151,38.333,0,0,,
randomized-seed2000,randomized,2000,new_positions,10,0,timeout_other,1151,38.333,1,0,66.9555829409374,1.1725581156318157
randomized-seed2000,randomized,2000,new_positions,11,0,no_departure,1151,38.333,0,0,,
randomized-seed2000,randomized,2000,new_positions,12,0,no_departure,1150,38.3,0,0,,
randomized-seed2000,randomized,2000,new_positions,13,0,timeout_other,1151,38.333,1,0,29.17084389398257,2.474295716781103
randomized-seed2000,randomized,2000,new_positions,14,0,timeout_other,1151,38.333,5,0,42.39559939168805,3.5753947626895126
randomized-seed2000,randomized,2000,new_positions,15,0,no_departure,1151,38.333,0,0,,
randomized-seed2000,randomized,2000,reduced_lighting,1,1,success_after_missed_grasp,851,28.333,2,1,2.7186147028217285,46.73464703449386
randomized-seed2000,randomized,2000,reduced_lighting,2,0,contact_no_grasp,1151,38.333,0,0,,
randomized-seed2000,randomized,2000,reduced_lighting,3,0,timeout_other,1151,38.333,3,1,25.46822945145541,25.609439363546823
randomized-seed2000,randomized,2000,reduced_lighting,4,0,timeout_other,1151,38.333,0,0,,
randomized-seed2000,randomized,2000,reduced_lighting,5,1,success,551,18.333,1,1,3.449221937981253,47.30135607796536
randomized-seed2000,randomized,2000,reduced_lighting,6,1,success,555,18.467,1,1,1.5148914705127403,48.70073422395439
randomized-seed2000,randomized,2000,reduced_lighting,7,0,no_departure,1151,38.333,0,0,,
randomized-seed2000,randomized,2000,reduced_lighting,8,0,contact_no_grasp,1151,38.333,5,0,34.03645013087892,7.305425565968214
randomized-seed2000,randomized,2000,reduced_lighting,9,1,success,888,29.567,1,1,4.848010287846019,44.959348036092834
randomized-seed2000,randomized,2000,reduced_lighting,10,0,contact_no_grasp,1151,38.333,1,0,50.47904203157843,1.106173486220733
randomized-seed2000,randomized,2000,reduced_lighting,11,1,success,951,31.667,1,1,2.4725466940407053,48.04966805199653
randomized-seed2000,randomized,2000,reduced_lighting,12,0,grasp_drop,1151,38.333,1,0,45.186658482406216,5.800326464702927
randomized-seed2000,randomized,2000,reduced_lighting,13,0,contact_no_grasp,1151,38.333,5,0,35.5527725458158,3.7458960476431074
randomized-seed2000,randomized,2000,reduced_lighting,14,0,no_departure,1150,38.3,0,0,,
randomized-seed2000,randomized,2000,reduced_lighting,15,0,contact_no_grasp,1148,38.233,2,1,27.009103034660512,15.900096611455819
recovery,recovery,1000,different_object,1,0,deliberate_drop,1146,38.167,2,2,18.56659305706882,31.51783194679622
recovery,recovery,1000,different_object,2,1,success,771,25.667,1,1,5.234411781202564,44.911594451122795
recovery,recovery,1000,different_object,3,1,success,513,17.067,1,1,2.938069518387774,45.38626635215838
recovery,recovery,1000,different_object,4,0,deliberate_drop,1151,38.333,2,2,15.713750108547016,34.02134009826253
recovery,recovery,1000,different_object,5,1,success,483,16.067,1,1,2.967146829152629,46.13049679227432
recovery,recovery,1000,different_object,6,1,success,448,14.9,1,1,3.9125538325537867,46.65967055908836
recovery,recovery,1000,different_object,7,1,success,1151,38.333,1,1,3.8903514459369184,46.50068251059444
recovery,recovery,1000,different_object,8,1,success,599,19.933,2,1,3.8749425698925997,46.39136036149803
recovery,recovery,1000,different_object,9,1,success,563,18.733,1,1,4.977363794880983,45.28961939216219
recovery,recovery,1000,different_object,10,1,success,717,23.867,1,1,6.353508315630943,43.17736226936261
recovery,recovery,1000,different_object,11,1,success,551,18.333,1,1,3.8219133852342573,46.04634229313125
recovery,recovery,1000,different_object,12,1,success,598,19.9,1,1,3.0079675958765897,47.70823579933008
recovery,recovery,1000,different_object,13,0,deliberate_drop,1151,38.333,6,2,7.490233602927223,36.75459464582536
recovery,recovery,1000,different_object,14,0,deliberate_drop,1145,38.133,2,1,23.6219445997382,10.176899558931062
recovery,recovery,1000,different_object,15,1,success,654,21.767,1,1,3.847442873300647,46.23193629807788
recovery,recovery,1000,distractors,1,1,success,474,15.767,2,1,2.8663043562355988,44.310606674011325
recovery,recovery,1000,distractors,2,1,success,442,14.7,2,1,1.8875612074789636,46.65064269816771
recovery,recovery,1000,distractors,3,1,success,485,16.133,2,1,3.3166969198853913,43.11839532126909
recovery,recovery,1000,distractors,4,1,success,451,15.0,1,1,4.19861399877988,45.15427746435621
recovery,recovery,1000,distractors,5,1,success,433,14.4,1,1,3.1061632229966456,44.8026051930904
recovery,recovery,1000,distractors,6,0,contact_no_grasp,1151,38.333,4,1,15.773071657991327,11.041488662889133
recovery,recovery,1000,distractors,7,1,success,419,13.933,1,1,1.7208515336525103,46.34044612061048
recovery,recovery,1000,distractors,8,1,success,394,13.1,1,1,4.5089535023917655,42.953892859932246
recovery,recovery,1000,distractors,9,0,contact_no_grasp,1151,38.333,2,1,26.987724508197296,17.587100099658716
recovery,recovery,1000,distractors,10,1,success,416,13.833,2,1,1.8344506092451844,44.991623995777076
recovery,recovery,1000,distractors,11,1,success,1001,33.333,1,1,4.960664965963627,42.83667359401849
recovery,recovery,1000,distractors,12,1,success,498,16.567,1,1,2.102033512228278,46.03671739932406
recovery,recovery,1000,distractors,13,1,success,586,19.5,1,1,3.0752803400476587,45.5486393961999
recovery,recovery,1000,distractors,14,1,success,381,12.667,1,1,2.5728446005975947,45.93263647529522
recovery,recovery,1000,distractors,15,1,success,601,20.0,1,1,3.1495892241345835,43.11101925133452
recovery,recovery,1000,in_distribution,1,0,deliberate_drop,1142,38.033,5,2,11.017684815637343,27.47805686360161
recovery,recovery,1000,in_distribution,2,1,success,489,16.267,1,1,1.699935481527536,47.582061040118276
recovery,recovery,1000,in_distribution,3,1,success,427,14.2,1,1,0.34030319244073937,50.06135950803556
recovery,recovery,1000,in_distribution,4,0,deliberate_drop,1147,38.2,3,2,8.24004358674642,50.17062376303387
recovery,recovery,1000,in_distribution,5,0,deliberate_drop,1146,38.167,4,1,20.285393747902624,30.958002350449135
recovery,recovery,1000,in_distribution,6,0,deliberate_drop,1148,38.233,5,2,16.932010187047865,32.66178585499599
recovery,recovery,1000,in_distribution,7,0,grasp_drop,1146,38.167,5,2,3.0028982439127354,46.40093821635052
recovery,recovery,1000,in_distribution,8,1,success,398,13.233,1,1,1.954816057551934,47.13891971225405
recovery,recovery,1000,in_distribution,9,1,success,459,15.267,1,1,4.092177508635064,46.71715397091837
recovery,recovery,1000,in_distribution,10,1,success,451,15.0,1,1,1.1421493659239097,48.345586497612715
recovery,recovery,1000,in_distribution,11,1,success,499,16.6,2,1,1.4421945752194638,48.29933815919297
recovery,recovery,1000,in_distribution,12,0,deliberate_drop,1144,38.1,5,1,7.011992168906385,30.562667978676615
recovery,recovery,1000,in_distribution,13,0,deliberate_drop,1143,38.067,4,3,1.021675366183242,32.015425387698365
recovery,recovery,1000,in_distribution,14,1,success,418,13.9,1,1,2.686716863965625,47.94488335283779
recovery,recovery,1000,in_distribution,15,1,success,442,14.7,1,1,1.4351025482036412,46.63436179227094
recovery,recovery,1000,new_positions,1,0,timeout_other,1151,38.333,8,1,38.833733756045554,10.351548413255514
recovery,recovery,1000,new_positions,2,0,no_departure,1151,38.333,0,0,,
recovery,recovery,1000,new_positions,3,0,timeout_other,1151,38.333,4,0,39.656358232544775,2.6129279968532337
recovery,recovery,1000,new_positions,4,0,no_departure,1151,38.333,0,0,,
recovery,recovery,1000,new_positions,5,0,no_departure,1151,38.333,0,0,,
recovery,recovery,1000,new_positions,6,0,timeout_other,1151,38.333,7,0,39.78721698613003,6.834144992647211
recovery,recovery,1000,new_positions,7,0,timeout_other,1151,38.333,7,0,25.758810332606448,9.25810258266139
recovery,recovery,1000,new_positions,8,0,contact_no_grasp,1151,38.333,5,0,33.27015163654558,3.4507442465289433
recovery,recovery,1000,new_positions,9,0,contact_no_grasp,1151,38.333,6,0,34.39400950824408,2.862741482401983
recovery,recovery,1000,new_positions,10,0,timeout_other,1151,38.333,6,0,41.845800852430045,2.9406791504651757
recovery,recovery,1000,new_positions,11,0,timeout_other,1151,38.333,6,0,44.49932889475828,6.92859378610661
recovery,recovery,1000,new_positions,12,0,timeout_other,1150,38.3,5,0,41.36691444197269,1.3805770376348505
recovery,recovery,1000,new_positions,13,0,timeout_other,1150,38.3,6,1,28.610790127617005,23.273696322452984
recovery,recovery,1000,new_positions,14,0,timeout_other,1137,37.867,12,0,28.679516923826437,2.6634053182192687
recovery,recovery,1000,new_positions,15,0,timeout_other,1135,37.8,5,0,31.48824140352145,1.0354397888395805
recovery,recovery,1000,reduced_lighting,1,0,deliberate_drop,1151,38.333,4,2,9.000417434276176,37.51472063424767
recovery,recovery,1000,reduced_lighting,2,0,deliberate_drop,1150,38.3,5,2,7.3891360341404955,38.56541348259413
recovery,recovery,1000,reduced_lighting,3,0,deliberate_drop,1151,38.333,6,1,11.118652122703375,39.281809525863544
recovery,recovery,1000,reduced_lighting,4,0,grasp_drop,1151,38.333,3,2,6.672041643312891,42.47101627968321
recovery,recovery,1000,reduced_lighting,5,1,success,459,15.267,1,1,1.9208810701193535,47.506729963361984
recovery,recovery,1000,reduced_lighting,6,0,deliberate_drop,1151,38.333,5,3,0.3365783196928298,37.99518918185434
recovery,recovery,1000,reduced_lighting,7,1,success,479,15.933,1,1,2.308659357496065,48.03817969190712
recovery,recovery,1000,reduced_lighting,8,1,success,410,13.633,1,1,1.9284235855859215,47.551216150171165
recovery,recovery,1000,reduced_lighting,9,0,deliberate_drop,1144,38.1,4,1,0.25417124800983615,38.98425919035749
recovery,recovery,1000,reduced_lighting,10,0,deliberate_drop,1127,37.533,5,2,20.67536567883971,29.256184531451424
recovery,recovery,1000,reduced_lighting,11,1,success,502,16.7,1,1,2.709123689116371,47.66664793580645
recovery,recovery,1000,reduced_lighting,12,1,success,582,19.367,2,1,3.240917163868911,46.969467305530664
recovery,recovery,1000,reduced_lighting,13,1,success,504,16.767,1,1,3.77175538600299,47.92575297180073
recovery,recovery,1000,reduced_lighting,14,0,deliberate_drop,1149,38.267,6,2,1.1364302639211594,38.612450628100326
recovery,recovery,1000,reduced_lighting,15,1,success,643,21.4,1,1,4.625628201945386,42.888729434152715
recovery-seed2000,recovery,2000,different_object,1,0,grasp_drop,1151,38.333,2,1,4.985881464062228,45.943844410847
recovery-seed2000,recovery,2000,different_object,2,1,success_after_drop,877,29.2,3,3,2.6315872090610206,35.028161884592
recovery-seed2000,recovery,2000,different_object,3,1,success,482,16.033,1,1,2.412917582200304,47.80541285216189
recovery-seed2000,recovery,2000,different_object,4,0,grasp_drop,1151,38.333,1,1,7.853166025645255,57.716395772620466
recovery-seed2000,recovery,2000,different_object,5,1,success,801,26.667,1,1,1.4550778212346778,49.49908298144895
recovery-seed2000,recovery,2000,different_object,6,1,success,1144,38.1,1,1,4.0122438510807505,46.04303871115908
recovery-seed2000,recovery,2000,different_object,7,0,deliberate_drop,1150,38.3,4,2,19.19172629146425,30.449439787149814
recovery-seed2000,recovery,2000,different_object,8,0,deliberate_drop,1148,38.233,3,2,13.062249013621194,33.58322560638387
recovery-seed2000,recovery,2000,different_object,9,0,deliberate_drop,1151,38.333,1,1,17.454919631529698,32.280069260608194
recovery-seed2000,recovery,2000,different_object,10,0,deliberate_drop,1149,38.267,4,3,16.229195737351866,44.24160414585231
recovery-seed2000,recovery,2000,different_object,11,0,deliberate_drop,1150,38.3,5,2,13.710882074894752,39.180616974572146
recovery-seed2000,recovery,2000,different_object,12,0,deliberate_drop,1149,38.267,6,2,7.011000732476621,27.921853118450464
recovery-seed2000,recovery,2000,different_object,13,0,deliberate_drop,1147,38.2,6,2,10.140666774167617,37.26171076126775
recovery-seed2000,recovery,2000,different_object,14,1,success,951,31.667,1,1,2.3538475102445595,47.54201460695625
recovery-seed2000,recovery,2000,different_object,15,0,deliberate_drop,1148,38.233,6,1,4.2341030809080245,34.50245090851987
recovery-seed2000,recovery,2000,distractors,1,1,success,569,18.933,1,1,2.753861353414127,46.27549256093651
recovery-seed2000,recovery,2000,distractors,2,1,success,439,14.6,1,1,3.2071757598268142,45.11854595069232
recovery-seed2000,recovery,2000,distractors,3,1,success,451,15.0,1,1,2.0903588055106574,46.033746708415904
recovery-seed2000,recovery,2000,distractors,4,1,success,917,30.533,1,1,4.194767659638135,43.039867404783976
recovery-seed2000,recovery,2000,distractors,5,1,success,626,20.833,1,1,2.0724351545806208,46.49410067531802
recovery-seed2000,recovery,2000,distractors,6,0,contact_no_grasp,1150,38.3,6,0,25.149231161798195,6.041176767893732
recovery-seed2000,recovery,2000,distractors,7,1,success,419,13.933,1,1,3.770959342154274,45.1621836271264
recovery-seed2000,recovery,2000,distractors,8,0,deliberate_drop,1151,38.333,5,2,14.090139074709084,35.03078340172107
recovery-seed2000,recovery,2000,distractors,9,1,success,442,14.7,1,1,1.6171161650216312,47.89994667757786
recovery-seed2000,recovery,2000,distractors,10,1,success,451,15.0,1,1,2.7322596180649192,45.291148158189834
recovery-seed2000,recovery,2000,distractors,11,1,success,695,23.133,1,1,0.26202338568903016,48.444737377351224
recovery-seed2000,recovery,2000,distractors,12,1,success,435,14.467,1,1,2.268053884449369,47.453210488060456
recovery-seed2000,recovery,2000,distractors,13,1,success,447,14.867,1,1,4.72216661050766,43.37741894368793
recovery-seed2000,recovery,2000,distractors,14,1,success,451,15.0,1,1,3.11794467195762,45.900156077077106
recovery-seed2000,recovery,2000,distractors,15,0,deliberate_drop,1151,38.333,4,1,10.404665921266892,38.87847943638786
recovery-seed2000,recovery,2000,in_distribution,1,1,success_after_drop,752,25.033,3,2,2.9961155884835726,35.735890095863255
recovery-seed2000,recovery,2000,in_distribution,2,0,deliberate_drop,1150,38.3,6,2,0.24756252550090707,36.53688117617837
recovery-seed2000,recovery,2000,in_distribution,3,1,success_after_missed_grasp,475,15.8,2,1,4.110602305351673,44.422733068483886
recovery-seed2000,recovery,2000,in_distribution,4,1,success,451,15.0,1,1,3.159192407654981,47.58539356913949
recovery-seed2000,recovery,2000,in_distribution,5,1,success_after_drop,747,24.867,3,1,4.3196777946448215,36.36935646200227
recovery-seed2000,recovery,2000,in_distribution,6,1,success,426,14.167,1,1,1.9941659523463464,48.328455272150265
recovery-seed2000,recovery,2000,in_distribution,7,1,success,482,16.033,1,1,2.1231739039833393,46.896904290339215
recovery-seed2000,recovery,2000,in_distribution,8,0,deliberate_drop,1151,38.333,5,3,9.794380463214583,37.033257031830104
recovery-seed2000,recovery,2000,in_distribution,9,1,success,406,13.5,1,1,2.3474230745473257,46.07668060972009
recovery-seed2000,recovery,2000,in_distribution,10,1,success_after_missed_grasp,1008,33.567,4,1,1.686144021848559,39.638198356932996
recovery-seed2000,recovery,2000,in_distribution,11,0,deliberate_drop,1151,38.333,4,2,9.344909028188471,37.603247946986976
recovery-seed2000,recovery,2000,in_distribution,12,0,deliberate_drop,1150,38.3,4,2,5.032752164036413,34.79166811228234
recovery-seed2000,recovery,2000,in_distribution,13,0,deliberate_drop,1150,38.3,3,3,2.1216611700448205,39.315465897949075
recovery-seed2000,recovery,2000,in_distribution,14,0,deliberate_drop,1149,38.267,8,4,1.1373638062528322,37.112130503713175
recovery-seed2000,recovery,2000,in_distribution,15,1,success,444,14.767,1,1,2.062254839269908,48.408510145472455
recovery-seed2000,recovery,2000,new_positions,1,0,no_departure,1151,38.333,0,0,,
recovery-seed2000,recovery,2000,new_positions,2,0,timeout_other,1150,38.3,1,0,46.66437457987101,0.39797126702138286
recovery-seed2000,recovery,2000,new_positions,3,0,timeout_other,1150,38.3,5,0,40.79242135609417,0.98932691356341
recovery-seed2000,recovery,2000,new_positions,4,0,no_departure,1151,38.333,0,0,,
recovery-seed2000,recovery,2000,new_positions,5,0,no_departure,1151,38.333,0,0,,
recovery-seed2000,recovery,2000,new_positions,6,0,no_departure,1151,38.333,0,0,,
recovery-seed2000,recovery,2000,new_positions,7,0,contact_no_grasp,1151,38.333,7,0,36.87380505126917,0.8828614763695555
recovery-seed2000,recovery,2000,new_positions,8,0,timeout_other,1150,38.3,7,0,40.815038951945766,1.7489562791755588
recovery-seed2000,recovery,2000,new_positions,9,0,contact_no_grasp,1149,38.267,3,0,35.96712467651268,1.3294836868813462
recovery-seed2000,recovery,2000,new_positions,10,0,timeout_other,1151,38.333,7,1,45.81095225237938,10.811484004839414
recovery-seed2000,recovery,2000,new_positions,11,0,timeout_other,1149,38.267,2,0,46.42426423562139,3.3468632380575585
recovery-seed2000,recovery,2000,new_positions,12,0,no_departure,1150,38.3,0,0,,
recovery-seed2000,recovery,2000,new_positions,13,0,timeout_other,1143,38.067,10,0,28.04745573338457,4.629770218431563
recovery-seed2000,recovery,2000,new_positions,14,0,timeout_other,1136,37.833,11,0,33.89915020658369,2.2470852404850206
recovery-seed2000,recovery,2000,new_positions,15,0,timeout_other,1139,37.933,5,0,42.50289434275608,1.666759324224099
recovery-seed2000,recovery,2000,reduced_lighting,1,1,success_after_missed_grasp,712,23.7,4,1,1.656306851046292,43.503523144467685
recovery-seed2000,recovery,2000,reduced_lighting,2,1,success,401,13.333,1,1,4.504419670835222,44.94322272058467
recovery-seed2000,recovery,2000,reduced_lighting,3,0,deliberate_drop,1151,38.333,6,3,2.9814828551917536,38.49820024390416
recovery-seed2000,recovery,2000,reduced_lighting,4,0,deliberate_drop,1151,38.333,3,3,14.82597939357863,36.881910099688554
recovery-seed2000,recovery,2000,reduced_lighting,5,1,success_after_drop,848,28.233,3,2,0.979493837528242,34.68367752744197
recovery-seed2000,recovery,2000,reduced_lighting,6,0,deliberate_drop,1151,38.333,7,1,1.6019551480847518,38.842060430309175
recovery-seed2000,recovery,2000,reduced_lighting,7,0,deliberate_drop,1151,38.333,3,2,12.837435626226812,37.48941729500194
recovery-seed2000,recovery,2000,reduced_lighting,8,0,deliberate_drop,1151,38.333,6,2,1.5020769737390047,39.67061905186245
recovery-seed2000,recovery,2000,reduced_lighting,9,1,success_after_drop,770,25.633,3,3,1.0241555158222546,38.380474404632125
recovery-seed2000,recovery,2000,reduced_lighting,10,0,deliberate_drop,1151,38.333,8,3,8.031628452009596,36.295290009451094
recovery-seed2000,recovery,2000,reduced_lighting,11,0,deliberate_drop,1151,38.333,2,1,9.118099852974648,36.00175698159519
recovery-seed2000,recovery,2000,reduced_lighting,12,0,deliberate_drop,1150,38.3,2,1,6.2982085968132075,37.01586709211682
recovery-seed2000,recovery,2000,reduced_lighting,13,0,deliberate_drop,1151,38.333,4,1,11.585817692083696,39.24511009524724
recovery-seed2000,recovery,2000,reduced_lighting,14,1,success_after_drop,1148,38.233,5,3,3.147392866788355,39.135567224901884
recovery-seed2000,recovery,2000,reduced_lighting,15,0,deliberate_drop,1151,38.333,5,4,3.096330272274461,41.228346602075874
