policy,offset,t_start_s,t_end_s,episodes,complete,successes,failures,auc,null_median,null_p95,perm_p,n_perms
clean-seed2000,0,0.0,5.0,53,1,34,19,0.63,0.515,0.644,0.0995,200
clean-seed2000,1,1.67,6.67,53,1,34,19,0.508,0.507,0.645,0.5025,200
clean-seed2000,2,3.33,8.33,53,1,34,19,0.432,0.48,0.664,0.7015,200
clean-seed2000,3,5.0,10.0,53,1,34,19,0.596,0.495,0.686,0.1791,200
clean-seed2000,4,6.67,11.67,53,1,34,19,0.72,0.497,0.675,0.0149,200
clean-seed2000,5,8.33,13.33,53,1,34,19,0.892,0.498,0.68,0.005,200
clean-seed2000,6,10.0,15.0,53,1,34,19,0.946,0.493,0.66,0.005,200
clean-seed2000,7,11.67,16.67,51,0,33,18,0.961,0.513,0.648,0.005,200
clean-seed2000,8,13.33,18.33,47,0,29,18,0.966,0.492,0.682,0.005,200
clean-seed2000,9,15.0,20.0,40,0,22,18,0.914,0.542,0.72,0.005,200
clean-seed2000,10,16.67,21.67,38,0,20,18,0.919,0.597,0.775,0.005,200
clean-seed2000,11,18.33,23.33,35,0,17,18,0.931,0.626,0.801,0.005,200
clean-seed2000,12,20.0,25.0,32,0,14,18,0.937,0.728,0.846,0.005,200
clean-seed2000,13,21.67,26.67,31,0,13,18,0.927,0.714,0.838,0.005,200
clean-seed2000,14,23.33,28.33,28,0,10,18,0.889,0.667,0.856,0.0448,200
clean-seed2000,15,25.0,30.0,25,0,7,18,0.952,0.738,0.858,0.01,200
color,0,0.0,5.0,45,1,38,7,0.579,0.417,0.699,0.194,200
color,1,1.67,6.67,45,1,38,7,0.729,0.404,0.733,0.0597,200
color,2,3.33,8.33,45,1,38,7,0.902,0.436,0.685,0.005,200
color,3,5.0,10.0,45,1,38,7,0.944,0.429,0.677,0.005,200
color,4,6.67,11.67,45,1,38,7,0.97,0.457,0.684,0.005,200
color,5,8.33,13.33,42,0,35,7,0.98,0.441,0.682,0.005,200
color,6,10.0,15.0,27,0,20,7,0.979,0.429,0.744,0.005,200
randomized-seed2000,0,0.0,5.0,45,1,13,32,0.613,0.508,0.668,0.1542,200
randomized-seed2000,1,1.67,6.67,45,1,13,32,0.495,0.505,0.68,0.5373,200
randomized-seed2000,2,3.33,8.33,45,1,13,32,0.644,0.514,0.668,0.1144,200
randomized-seed2000,3,5.0,10.0,45,1,13,32,0.606,0.522,0.69,0.204,200
randomized-seed2000,4,6.67,11.67,45,1,13,32,0.526,0.512,0.695,0.4428,200
randomized-seed2000,5,8.33,13.33,45,1,13,32,0.594,0.517,0.7,0.2488,200
randomized-seed2000,6,10.0,15.0,45,1,13,32,0.743,0.5,0.724,0.0348,200
randomized-seed2000,7,11.67,16.67,45,1,13,32,0.861,0.498,0.695,0.005,200
randomized-seed2000,8,13.33,18.33,45,1,13,32,0.933,0.507,0.686,0.005,200
randomized-seed2000,9,15.0,20.0,43,0,11,32,0.955,0.507,0.7,0.005,200
randomized-seed2000,10,16.67,21.67,39,0,7,32,0.933,0.422,0.697,0.005,200
randomized-seed2000,11,18.33,23.33,38,0,6,32,0.906,0.438,0.73,0.01,200
randomized,0,0.0,5.0,45,1,12,33,0.742,0.587,0.735,0.0448,200
randomized,1,1.67,6.67,45,1,12,33,0.742,0.602,0.72,0.0299,200
randomized,2,3.33,8.33,45,1,12,33,0.747,0.588,0.75,0.0597,200
randomized,3,5.0,10.0,45,1,12,33,0.783,0.591,0.743,0.0299,200
randomized,4,6.67,11.67,45,1,12,33,0.861,0.578,0.743,0.005,200
randomized,5,8.33,13.33,45,1,12,33,0.891,0.576,0.743,0.005,200
randomized,6,10.0,15.0,45,1,12,33,0.939,0.587,0.732,0.005,200
randomized,7,11.67,16.67,45,1,12,33,0.98,0.574,0.738,0.005,200
randomized,8,13.33,18.33,43,0,10,33,0.982,0.564,0.721,0.005,200
randomized,9,15.0,20.0,41,0,8,33,0.962,0.509,0.739,0.005,200
randomized,10,16.67,21.67,39,0,6,33,0.965,0.472,0.703,0.005,200
recovery-seed2000,0,0.0,5.0,60,1,31,29,0.564,0.601,0.714,0.7015,200
recovery-seed2000,1,1.67,6.67,60,1,31,29,0.561,0.591,0.711,0.7015,200
recovery-seed2000,2,3.33,8.33,60,1,31,29,0.664,0.578,0.692,0.1244,200
recovery-seed2000,3,5.0,10.0,60,1,31,29,0.791,0.571,0.709,0.01,200
recovery-seed2000,4,6.67,11.67,60,1,31,29,0.792,0.563,0.698,0.005,200
recovery-seed2000,5,8.33,13.33,60,1,31,29,0.815,0.553,0.683,0.005,200
recovery-seed2000,6,10.0,15.0,60,1,31,29,0.828,0.567,0.682,0.005,200
recovery-seed2000,7,11.67,16.67,51,0,22,29,0.792,0.519,0.679,0.005,200
recovery-seed2000,8,13.33,18.33,44,0,15,29,0.593,0.497,0.663,0.2289,200
recovery-seed2000,9,15.0,20.0,44,0,15,29,0.637,0.49,0.653,0.0796,200
recovery-seed2000,10,16.67,21.67,43,0,14,29,0.557,0.485,0.692,0.2985,200
recovery-seed2000,11,18.33,23.33,42,0,13,29,0.761,0.485,0.653,0.0149,200
recovery-seed2000,12,20.0,25.0,41,0,12,29,0.756,0.48,0.69,0.01,200
recovery-seed2000,13,21.67,26.67,39,0,10,29,0.841,0.476,0.684,0.005,200
recovery-seed2000,14,23.33,28.33,37,0,8,29,0.879,0.476,0.682,0.01,200
recovery-seed2000,15,25.0,30.0,35,0,6,29,0.73,0.451,0.707,0.0249,200
recovery,0,0.0,5.0,60,1,39,21,0.53,0.581,0.688,0.7413,200
recovery,1,1.67,6.67,60,1,39,21,0.469,0.567,0.694,0.9055,200
recovery,2,3.33,8.33,60,1,39,21,0.739,0.578,0.697,0.0149,200
recovery,3,5.0,10.0,60,1,39,21,0.819,0.557,0.725,0.005,200
recovery,4,6.67,11.67,60,1,39,21,0.919,0.565,0.717,0.005,200
recovery,5,8.33,13.33,60,1,39,21,0.952,0.551,0.695,0.005,200
recovery,6,10.0,15.0,57,0,36,21,0.925,0.546,0.687,0.005,200
recovery,7,11.67,16.67,48,0,27,21,0.892,0.528,0.674,0.005,200
recovery,8,13.33,18.33,37,0,16,21,0.881,0.545,0.732,0.005,200
recovery,9,15.0,20.0,34,0,13,21,0.938,0.549,0.708,0.005,200
recovery,10,16.67,21.67,28,0,7,21,0.946,0.493,0.756,0.005,200
